movie_id,country_id
1,1
2,2
3,3
4,3
5,4
6,3
7,3
8,1
8,5
8,6
8,7
8,8
8,9
9,7
10,1
11,3
12,3
13,8
13,10
14,3
15,3
16,1
17,3
18,11
19,3
20,3
21,3
22,12
23,3
24,3
25,4
26,13
27,3
28,1
29,1
30,1
30,4
30,14
31,3
32,3
33,7
34,3
35,3
36,3
37,3
38,15
39,16
39,17
39,1
40,4
41,1
42,1
43,1
44,1
45,1
46,3
47,2
47,1
47,18
48,3
49,1
50,19
51,4
52,18
53,18
54,18
55,18
56,1
57,18
58,18
59,18
60,18
61,18
62,18
63,18
64,18
65,3
66,7
67,4
68,1
69,3
70,4
71,3
72,3
73,7
74,19
75,3
76,3
77,18
78,3
79,3
80,3
81,3
82,1
83,1
84,3
85,19
86,3
87,3
88,3
89,3
90,3
91,20
91,1
92,14
93,21
94,3
95,7
95,1
96,1
96,7
97,1
98,1
99,7
100,14
100,1
101,3
102,1
103,3
104,3
105,22
106,4
107,1
108,1
109,13
110,20
111,3
112,1
112,23
113,3
114,3
115,4
116,7
116,13
116,14
117,4
118,7
118,1
119,4
120,3
121,13
122,3
123,7
123,13
123,14
123,1
124,3
125,22
126,1
127,4
128,1
128,17
129,3
130,8
130,1
131,3
132,1
133,3
134,2
134,1
135,1
135,11
136,1
136,24
136,14
136,18
137,1
137,24
137,25
137,7
138,13
138,1
139,1
140,1
141,26
141,27
142,1
142,7
142,17
143,8
143,1
144,1
145,1
146,1
147,1
148,3
149,3
150,1
151,1
152,16
152,28
153,1
154,29
155,18
156,7
156,1
157,1
158,17
159,1
160,28
161,1
162,1
163,1
163,16
163,28
164,1
165,1
166,3
167,24
167,1
168,1
168,17
169,1
170,1
171,1
172,1
173,1
173,8
174,1
175,1
176,1
177,1
178,7
178,1
179,1
180,1
181,3
182,3
183,1
184,1
185,1
186,3
187,3
188,3
189,14
190,3
191,4
192,7
192,17
192,1
193,4
194,30
194,22
195,3
196,4
197,3
198,3
199,19
200,4
201,4
202,4
203,4
204,4
205,4
206,4
207,4
208,4
209,4
210,4
211,4
212,4
213,31
214,3
215,3
216,4
217,4
218,4
219,3
220,18
221,1
222,3
223,3
224,3
225,3
226,3
227,3
228,1
229,1
229,7
230,1
231,3
232,1
233,1
234,7
235,3
236,3
237,3
238,3
239,3
240,3
241,3
242,1
243,3
244,3
245,3
246,3
247,3
248,1
249,3
250,3
251,3
252,1
253,3
254,4
255,1
256,3
257,3
258,3
259,3
260,4
260,32
261,3
262,3
263,3
264,1
265,1
266,18
267,4
268,33
268,13
268,14
268,1
269,3
270,24
271,24
271,34
271,35
272,1
273,1
274,14
275,1
276,26
277,20
278,36
279,37
280,1
280,18
281,1
282,19
283,11
284,21
284,7
285,7
285,1
286,38
286,7
286,13
287,1
288,3
289,37
290,22
291,1
292,18
293,7
294,2
295,3
296,1
297,39
297,1
298,4
299,19
300,14
301,17
301,1
302,4
303,34
304,26
305,7
306,26
306,20
307,19
308,1
309,1
310,3
311,1
312,11
313,1
314,40
315,1
316,1
316,19
317,40
318,1
319,3
320,40
321,3
322,40
323,40
324,1
325,24
326,1
327,1
328,1
328,7
329,41
329,1
330,1
330,17
331,1
331,17
332,3
333,1
333,11
334,1
335,1
336,1
337,3
338,1
338,17
339,18
340,3
341,1
341,7
342,1
343,1
344,1
345,1
346,1
346,17
347,1
348,20
348,7
348,1
349,7
349,1
350,1
351,1
352,1
352,8
353,1
353,16
354,1
355,1
356,1
357,1
357,14
358,20
358,14
358,7
358,1
359,1
360,1
361,1
362,1
363,3
364,3
365,3
366,30
366,14
366,42
367,7
368,3
369,3
370,3
371,1
372,3
373,3
374,3
375,19
376,3
377,3
378,43
379,1
380,3
381,1
382,3
383,1
384,4
385,3
386,8
387,1
387,17
388,3
389,3
390,14
390,39
390,8
390,1
390,7
391,1
392,17
392,1
393,1
394,13
395,3
396,3
397,3
398,3
399,3
400,3
401,3
402,20
403,7
404,1
405,3
406,3
407,3
408,3
409,3
410,3
411,4
412,3
413,3
414,3
415,3
416,4
417,3
418,3
419,3
420,3
421,3
422,3
423,3
424,3
425,3
426,1
427,33
428,3
429,3
430,19
431,3
432,3
433,3
434,1
435,26
436,3
437,44
438,1
439,3
440,45
441,1
442,3
443,1
443,17
444,3
445,3
446,1
447,1
448,1
449,1
450,1
451,1
452,1
453,46
454,18
455,3
456,3
457,22
458,47
458,48
458,8
459,3
460,1
461,1
461,17
462,3
463,1
464,24
465,3
466,3
467,3
468,3
469,3
470,1
470,17
471,3
472,3
473,1
474,1
475,1
475,38
476,3
477,3
478,1
479,8
480,3
481,3
482,3
483,3
484,3
485,3
486,3
487,28
487,17
487,1
488,3
489,1
490,49
490,1
491,3
492,1
493,1
494,1
494,18
495,1
496,3
497,14
497,17
497,1
497,20
498,3
499,3
500,1
501,3
502,3
503,19
504,43
505,3
506,3
507,13
508,3
509,14
509,50
509,23
510,1
511,17
512,1
513,14
513,21
514,1
515,7
516,7
517,45
518,18
519,4
520,7
521,1
522,17
523,29
524,7
525,18
526,1
526,17
527,1
528,31
528,1
528,7
529,4
530,47
531,1
532,51
533,1
534,39
535,46
536,17
537,13
538,18
539,7
540,13
540,33
541,7
541,8
542,4
543,4
544,21
544,50
545,17
546,22
547,3
548,1
549,1
550,3
551,3
552,4
553,3
554,14
555,19
556,22
556,10
557,22
558,13
558,1
559,1
560,1
560,8
561,3
562,1
563,1
564,1
565,1
566,13
566,8
567,1
567,8
568,1
569,1
570,52
571,3
572,3
573,7
573,21
574,1
574,16
575,1
575,16
576,1
577,7
577,13
577,1
578,3
579,14
579,18
579,1
580,1
581,3
582,1
583,1
584,1
584,7
585,1
586,7
586,1
587,3
588,3
589,1
590,7
591,3
592,1
593,1
594,1
595,1
595,8
596,8
596,1
597,1
598,1
599,1
599,7
600,1
601,1
602,1
603,1
604,1
605,7
605,8
605,20
605,1
606,1
607,7
607,1
607,14
607,24
608,1
609,1
609,8
609,17
610,1
610,14
610,24
610,7
611,1
611,7
611,8
611,53
612,1
612,17
613,1
613,33
614,19
615,1
615,33
616,1
617,3
618,54
619,1
620,3
621,1
622,3
623,1
624,3
625,3
626,11
627,3
628,16
629,1
630,3
631,1
632,18
633,3
634,3
635,14
636,55
637,1
637,17
638,3
639,1
640,3
641,3
642,3
643,18
644,1
645,3
646,3
647,3
648,3
649,1
650,3
651,34
652,19
653,3
654,3
655,25
656,25
657,25
658,1
659,3
660,45
661,1
662,14
663,1
664,3
665,20
666,15
666,8
667,3
668,1
669,1
670,20
671,3
672,3
673,3
674,26
675,1
676,18
677,1
678,17
678,1
679,1
680,45
681,1
682,7
683,13
684,3
685,20
686,1
687,22
688,3
689,19
690,3
691,3
692,3
693,3
694,3
695,55
695,56
696,3
697,17
697,1
698,3
699,57
700,58
701,3
702,17
703,1
704,12
705,3
706,8
707,3
708,3
709,1
710,26
711,3
712,24
713,3
714,1
715,3
716,3
717,1
718,3
719,1
720,1
721,3
722,1
723,1
724,1
725,1
725,7
726,3
727,1
728,1
729,1
730,3
731,3
732,22
733,3
734,48
735,14
735,1
736,4
737,1
737,4
738,57
738,23
738,46
739,3
740,16
740,1
740,17
741,1
742,55
742,59
743,52
744,17
744,1
744,48
745,37
746,59
747,1
748,19
749,1
750,1
751,11
751,14
751,37
752,3
753,1
753,7
754,37
755,7
755,1
756,50
757,19
758,1
759,7
760,3
761,3
762,3
763,22
764,1
765,2
766,20
767,11
768,18
769,54
770,26
771,59
772,3
773,24
774,57
775,1
776,1
777,1
778,1
779,18
780,1
781,7
782,3
783,17
783,1
784,34
785,1
785,17
786,1
787,1
788,1
789,1
790,7
791,1
792,1
793,1
794,1
795,19
796,1
797,1
798,1
799,1
800,1
801,1
802,1
803,8
803,1
803,14
804,18
805,17
805,1
806,3
807,3
808,3
809,1
809,41
810,1
811,1
812,3
813,1
814,1
814,17
815,1
816,3
817,7
817,14
817,8
817,1
818,1
819,1
820,1
821,59
822,7
823,1
824,1
825,1
826,1
827,1
828,3
829,1
830,3
831,1
832,3
833,3
834,39
835,1
836,3
837,45
838,60
838,48
839,26
840,56
840,14
840,55
840,61
841,24
842,3
843,3
844,18
845,3
846,3
847,1
848,3
849,1
850,3
851,4
852,3
853,3
854,1
855,3
856,1
857,3
858,20
859,3
860,47
861,13
862,3
863,1
864,1
865,3
866,1
867,1
868,1
869,17
869,1
870,11
871,1
872,4
873,1
874,4
875,7
876,3
877,4
878,4
879,21
879,50
880,1
881,1
881,10
882,2
883,62
884,1
885,22
886,17
886,2
887,3
888,63
889,3
890,1
891,1
892,7
893,4
894,3
895,11
895,34
896,14
896,1
897,1
898,3
899,3
900,20
901,1
902,1
903,22
904,4
905,1
906,16
907,12
908,1
909,1
910,4
911,1
912,4
913,3
914,4
915,7
915,1
916,8
916,14
917,1
918,1
919,4
920,1
921,11
921,1
922,1
923,1
924,3
925,1
926,3
927,1
928,3
929,1
930,3
931,1
932,1
933,7
933,14
933,20
933,1
934,7
934,1
935,7
935,17
935,1
936,1
937,3
938,3
939,3
940,3
941,3
942,3
943,1
943,13
944,1
945,16
946,7
947,1
947,14
948,1
948,7
948,14
949,1
950,1
950,29
951,1
951,7
951,33
952,1
953,1
954,1
955,17
956,14
956,1
957,1
958,3
959,3
960,4
961,3
962,3
963,1
963,7
964,3
965,3
966,3
967,34
968,3
969,43
970,1
971,1
972,20
973,12
974,4
975,4
976,1
977,12
978,12
979,12
980,12
981,12
982,12
983,12
984,20
985,12
986,12
987,12
988,3
989,45
990,12
991,12
992,47
993,3
994,1
995,19
996,12
997,18
998,13
998,7
999,4
1000,8
1000,1
1001,3
1002,17
1002,19
1002,1
1003,11
1004,24
1005,13
1006,3
1007,3
1008,3
1009,3
1010,3
1011,3
1012,1
1013,11
1014,14
1014,1
1014,7
1014,17
1015,14
1015,7
1016,1
1017,4
1018,4
1019,4
1020,4
1020,7
1021,4
1022,4
1023,4
1024,4
1025,1
1026,3
1027,1
1028,17
1028,1
1028,11
1029,3
1030,1
1031,57
1032,8
1033,22
1034,7
1034,8
1034,1
1035,1
1036,10
1036,7
1036,1
1037,1
1038,4
1039,3
1040,1
1041,18
1042,18
1043,1
1044,1
1045,18
1046,1
1047,1
1048,55
1049,1
1049,14
1050,16
1050,7
1051,18
1052,18
1053,1
1054,1
1055,3
1056,1
1057,3
1058,1
1059,24
1059,7
1060,1
1061,1
1061,4
1062,1
1063,22
1064,1
1065,22
1066,17
1067,16
1067,40
1068,45
1069,1
1070,4
1071,1
1072,3
1073,3
1074,3
1075,3
1076,1
1076,34
1076,18
1076,20
1076,4
1077,3
1078,3
1079,3
1080,39
1080,1
1081,16
1082,1
1083,3
1084,1
1085,16
1086,22
1087,19
1088,4
1089,1
1090,1
1091,46
1092,18
1093,3
1094,4
1095,3
1096,3
1097,3
1098,1
1098,16
1098,7
1099,4
1100,64
1101,1
1102,1
1102,17
1103,1
1104,16
1105,1
1105,17
1106,7
1106,1
1107,1
1108,19
1109,4
1110,50
1111,14
1112,1
1112,7
1112,14
1113,1
1114,1
1115,4
1116,4
1117,3
1118,55
1118,65
1118,48
1118,61
1119,1
1119,17
1120,1
1120,17
1121,18
1121,1
1122,1
1123,4
1124,66
1124,8
1125,1
1126,7
1127,1
1128,1
1129,1
1130,7
1131,3
1132,18
1133,3
1134,1
1135,1
1135,18
1136,1
1137,46
1138,47
1138,44
1139,7
1139,14
1139,43
1139,8
1139,1
1140,1
1141,1
1142,4
1143,1
1144,1
1145,1
1145,7
1146,31
1146,38
1146,7
1146,14
1146,1
1147,1
1147,11
1148,7
1149,22
1150,18
1151,1
1152,16
1152,7
1153,1
1154,7
1154,2
1154,14
1155,1
1156,19
1157,1
1158,1
1159,1
1160,3
1161,31
1161,7
1161,14
1161,8
1162,7
1163,12
1164,20
1165,20
1166,4
1167,7
1168,24
1169,1
1170,18
1171,29
1171,1
1172,1
1173,2
1174,22
1175,22
1176,7
1176,1
1176,14
1177,18
1178,40
1179,1
1180,1
1180,18
1181,3
1182,1
1183,7
1184,3
1185,16
1186,19
1187,18
1188,1
1189,34
1190,1
1191,7
1191,1
1192,1
1193,7
1193,30
1194,3
1195,19
1196,1
1197,21
1198,7
1198,1
1199,8
1200,1
1201,1
1202,47
1203,4
1204,1
1204,4
1204,7
1205,1
1206,1
1206,7
1207,7
1208,3
1209,12
1210,67
1211,22
1212,12
1213,12
1214,1
1215,3
1216,12
1217,12
1218,7
1219,1
1220,12
1221,20
1221,26
1222,46
1223,1
1224,14
1225,3
1226,3
1227,8
1228,4
1229,4
1229,7
1229,14
1229,61
1230,47
1231,4
1232,1
1233,37
1234,19
1235,20
1236,3
1237,14
1238,46
1239,1
1239,13
1240,1
1241,1
1242,1
1243,1
1244,1
1245,4
1246,1
1247,3
1248,3
1249,1
1250,3
1251,3
1252,1
1252,7
1253,8
1254,1
1255,1
1256,3
1257,1
1257,8
1258,18
1259,21
1259,14
1260,1
1261,20
1262,26
1262,68
1263,3
1264,1
1264,45
1265,1
1266,4
1267,68
1267,34
1268,8
1269,1
1269,37
1270,46
1271,1
1271,37
1272,3
1273,1
1274,18
1275,1
1276,1
1277,3
1278,1
1279,1
1280,17
1281,7
1282,4
1283,4
1284,1
1285,17
1285,1
1285,7
1286,22
1287,40
1288,7
1289,1
1290,3
1291,7
1291,1
1292,4
1293,66
1294,4
1295,8
1296,4
1297,22
1298,1
1299,22
1300,3
1301,1
1302,7
1303,1
1304,1
1305,1
1306,4
1307,1
1308,1
1309,7
1310,1
1311,1
1312,19
1313,7
1314,1
1315,1
1316,20
1317,4
1318,7
1319,1
1320,11
1321,69
1322,11
1323,20
1324,46
1325,1
1326,54
1327,43
1328,1
1329,1
1330,14
1331,1
1332,1
1333,1
1334,1
1334,70
1334,25
1335,16
1336,1
1337,14
1338,71
1339,20
1340,34
1341,40
1342,1
1343,22
1344,1
1345,24
1346,16
1347,43
1348,20
1348,21
1348,1
1349,1
1350,37
1351,1
1352,11
1353,1
1354,1
1355,17
1356,1
1357,1
1358,7
1359,1
1360,7
1360,1
1360,13
1361,57
1362,1
1363,17
1363,1
1363,14
1364,1
1365,1
1366,14
1367,72
1367,1
1368,1
1369,20
1370,1
1371,7
1372,1
1373,46
1374,12
1375,1
1376,1
1377,4
1378,1
1379,13
1379,1
1380,19
1381,1
1381,7
1382,3
1383,3
1384,17
1385,22
1386,18
1387,72
1387,20
1388,1
1388,14
1389,4
1389,1
1390,1
1391,7
1391,31
1392,1
1393,11
1394,1
1395,1
1396,1
1397,1
1398,7
1398,20
1398,1
1399,1
1399,45
1400,1
1401,1
1402,1
1403,1
1404,34
1405,1
1406,53
1406,1
1407,1
1408,1
1408,22
1409,1
1409,17
1410,1
1411,4
1412,1
1413,22
1414,46
1415,46
1416,1
1417,1
1418,26
1419,3
1420,7
1421,1
1422,14
1423,4
1424,4
1425,17
1425,1
1425,73
1426,1
1427,4
1428,7
1429,4
1429,14
1430,4
1431,1
1432,12
1433,20
1434,46
1435,14
1435,17
1436,17
1436,53
1436,1
1437,3
1438,1
1439,14
1440,1
1441,11
1441,1
1442,4
1443,3
1444,1
1445,1
1446,60
1447,1
1448,1
1448,17
1449,1
1450,1
1451,1
1452,1
1453,1
1454,1
1455,1
1456,1
1457,1
1458,1
1459,7
1460,1
1461,11
1462,1
1463,3
1464,17
1464,7
1464,1
1465,1
1466,1
1467,1
1468,7
1468,8
1468,14
1468,1
1469,22
1470,1
1471,1
1472,3
1473,4
1474,1
1475,46
1476,46
1477,1
1478,1
1479,48
1479,1
1480,24
1481,7
1482,40
1483,3
1484,22
1485,1
1486,1
1486,17
1487,1
1488,74
1489,14
1489,42
1490,4
1491,17
1492,4
1493,1
1494,57
1495,1
1496,46
1497,46
1498,57
1499,1
1500,1
1501,40
1502,1
1503,1
1504,22
1505,50
1506,1
1507,7
1507,15
1507,8
1507,1
1507,13
1507,18
1507,14
1507,31
1508,7
1509,7
1510,1
1511,1
1511,7
1512,47
1513,7
1514,1
1515,2
1516,1
1517,60
1518,1
1519,3
1520,51
1521,4
1522,51
1523,51
1524,37
1525,17
1526,46
1527,57
1528,50
1529,22
1530,57
1531,1
1532,3
1533,34
1534,3
1535,57
1535,17
1535,7
1535,1
1536,2
1537,1
1538,1
1539,1
1539,18
1540,18
1541,1
1542,7
1543,4
1544,1
1545,17
1546,1
1547,1
1548,1
1549,1
1550,31
1550,14
1550,58
1550,1
1550,11
1550,21
1550,7
1550,28
1551,1
1552,7
1552,17
1552,1
1553,1
1554,1
1555,55
1556,14
1557,3
1558,1
1559,1
1560,20
1561,1
1562,4
1563,18
1564,17
1564,1
1565,3
1566,57
1567,57
1568,57
1569,57
1570,44
1571,47
1572,24
1573,1
1574,1
1575,1
1576,23
1577,1
1578,34
1579,49
1580,1
1581,1
1582,3
1583,1
1584,22
1585,1
1586,3
1587,14
1588,40
1589,17
1590,4
1591,1
1592,1
1593,8
1594,2
1595,12
1596,1
1597,3
1598,1
1599,57
1600,14
1600,21
1601,3
1602,34
1603,57
1604,7
1605,58
1606,46
1607,43
1608,8
1609,1
1609,14
1609,75
1610,1
1611,1
1611,24
1612,1
1613,1
1614,7
1615,20
1615,24
1616,1
1617,1
1618,1
1619,1
1619,31
1619,7
1619,4
1620,7
1620,23
1621,28
1621,1
1622,13
1622,1
1623,1
1623,17
1624,1
1625,1
1625,76
1625,14
1625,7
1626,22
1627,1
1627,16
1627,17
1628,1
1629,7
1630,57
1631,57
1632,1
1633,1
1634,1
1635,22
1636,1
1637,1
1638,20
1639,4
1640,13
1641,8
1642,1
1643,24
1644,22
1645,57
1646,1
1647,1
1648,57
1649,7
1650,18
1651,7
1651,1
1652,17
1653,3
1654,4
1655,19
1656,1
1657,1
1658,26
1659,47
1660,1
1661,1
1662,22
1663,47
1664,1
1665,1
1665,29
1666,67
1667,1
1668,16
1669,3
1670,1
1671,4
1672,1
1673,1
1674,4
1675,4
1676,4
1677,4
1678,57
1679,4
1680,4
1681,4
1682,1
1683,57
1684,4
1685,1
1686,1
1686,18
1687,1
1688,1
1689,1
1690,7
1690,1
1691,1
1692,1
1692,17
1693,1
1694,18
1695,1
1696,17
1697,17
1697,1
1697,31
1698,1
1699,7
1699,1
1700,1
1701,1
1702,1
1703,4
1704,1
1705,34
1706,24
1707,20
1708,57
1709,12
1710,57
1711,1
1712,22
1713,4
1714,26
1715,1
1715,17
1716,34
1717,13
1718,1
1719,1
1720,55
1720,17
1720,14
1721,63
1722,1
1723,1
1724,3
1725,18
1725,17
1725,1
1726,19
1727,1
1728,40
1729,20
1729,14
1729,17
1730,1
1731,13
1732,1
1733,57
1734,26
1735,17
1736,57
1737,1
1738,47
1739,17
1740,17
1741,54
1742,4
1743,8
1744,18
1745,3
1746,3
1747,17
1748,17
1748,1
1749,1
1750,1
1751,1
1752,1
1753,1
1754,17
1755,1
1756,1
1757,1
1758,1
1759,17
1760,48
1760,23
1760,17
1760,1
1761,1
1761,14
1761,48
1762,1
1763,1
1763,16
1763,37
1764,1
1765,7
1765,14
1765,8
1765,1
1766,14
1766,1
1767,22
1768,20
1768,45
1768,1
1769,1
1770,22
1771,1
1772,34
1773,60
1774,13
1775,1
1776,7
1777,19
1778,4
1779,3
1780,1
1781,14
1782,1
1783,24
1784,11
1784,20
1785,57
1786,1
1787,3
1788,1
1789,43
1790,1
1791,1
1792,1
1793,26
1794,1
1795,40
1796,4
1797,31
1797,69
1797,21
1798,13
1799,34
1800,8
1801,1
1802,16
1802,1
1803,1
1804,20
1805,1
1806,1
1807,60
1808,57
1809,7
1810,57
1811,17
1811,21
1812,1
1813,17
1813,7
1814,1
1815,7
1816,17
1817,1
1818,55
1819,55
1820,55
1821,55
1821,59
1821,14
1821,38
1821,8
1822,55
1823,14
1823,21
1823,24
1824,55
1825,55
1825,1
1825,59
1826,55
1826,14
1827,14
1827,55
1828,14
1828,55
1828,7
1829,3
1830,14
1830,60
1830,55
1830,21
1831,55
1832,55
1832,17
1832,14
1833,54
1833,10
1833,7
1833,48
1833,50
1834,1
1835,22
1836,7
1837,67
1838,1
1839,1
1840,14
1841,11
1841,20
1842,1
1843,1
1843,7
1843,4
1844,1
1844,29
1845,1
1846,1
1847,47
1848,7
1849,1
1850,46
1850,50
1851,46
1852,1
1853,1
1854,4
1855,1
1856,40
1857,1
1858,11
1859,4
1860,7
1861,1
1862,4
1863,4
1864,4
1865,1
1866,4
1867,4
1868,1
1869,1
1870,4
1871,12
1871,22
1872,17
1873,1
1874,1
1875,14
1876,22
1877,26
1878,22
1879,1
1879,17
1880,1
1881,29
1882,1
1883,7
1884,17
1885,1
1886,4
1887,1
1887,7
1888,17
1889,12
1890,3
1891,3
1892,12
1893,3
1894,1
1895,1
1896,13
1897,19
1898,4
1899,24
1900,12
1901,1
1902,11
1903,51
1904,75
1904,1
1905,1
1906,2
1907,1
1908,22
1909,18
1910,1
1911,34
1912,1
1913,33
1914,1
1914,11
1915,3
1916,8
1916,10
1917,1
1917,7
1918,26
1919,18
1920,3
1921,44
1922,1
1922,41
1923,1
1924,1
1925,1
1926,11
1927,1
1928,77
1929,18
1930,1
1931,7
1931,67
1932,1
1933,1
1934,13
1935,1
1936,1
1937,1
1938,2
1938,1
1939,4
1940,4
1941,4
1942,4
1943,4
1944,4
1945,4
1946,4
1947,4
1948,1
1949,1
1950,1
1951,4
1952,8
1953,3
1954,3
1955,1
1956,22
1957,3
1958,1
1958,4
1959,1
1960,7
1961,1
1962,1
1963,1
1964,18
1965,18
1966,18
1967,18
1968,18
1969,3
1970,18
1971,47
1972,4
1973,4
1974,3
1975,4
1976,4
1977,4
1978,4
1979,1
1980,1
1981,1
1982,46
1983,4
1984,3
1985,14
1986,7
1987,3
1988,1
1989,8
1990,24
1991,1
1992,7
1992,14
1992,8
1992,20
1993,3
1994,43
1995,1
1996,1
1997,20
1998,7
1998,14
1998,1
1998,21
1998,69
1998,16
1998,8
1999,7
2000,45
2000,1
2001,7
2002,14
2002,1
2003,1
2004,1
2004,14
2004,17
2004,21
2005,3
2006,19
2007,7
2007,16
2008,11
2009,14
2010,1
2011,1
2012,8
2012,16
2012,7
2013,20
2014,7
2015,3
2016,4
2017,4
2018,4
2019,4
2020,4
2021,4
2022,1
2023,1
2024,4
2025,12
2026,4
2027,4
2028,46
2029,47
2030,1
2031,4
2032,14
2033,1
2034,20
2035,26
2036,1
2037,22
2038,22
2039,2
2040,12
2041,3
2042,1
2043,13
2043,33
2043,1
2044,7
2045,1
2046,1
2047,2
2048,1
2049,19
2050,57
2051,34
2052,46
2053,1
2054,7
2055,1
2056,8
2057,8
2057,1
2058,52
2059,3
2060,28
2060,58
2060,1
2061,57
2062,50
2063,18
2064,1
2065,48
2066,18
2066,1
2067,18
2068,18
2069,1
2070,14
2071,14
2071,13
2071,8
2072,1
2073,1
2074,1
2075,4
2076,20
2077,1
2078,24
2079,18
2080,1
2080,21
2080,17
2080,14
2081,7
2082,17
2083,4
2084,1
2085,1
2086,7
2086,1
2087,4
2088,2
2088,78
2089,20
2090,18
2091,1
2092,40
2093,1
2094,37
2095,1
2095,57
2096,1
2097,1
2098,7
2099,1
2100,1
2101,1
2102,3
2103,19
2104,4
2105,11
2106,1
2107,17
2108,1
2109,22
2110,1
2111,47
2112,26
2113,1
2114,1
2115,3
2116,1
2117,19
2118,46
2119,1
2120,46
2121,7
2121,1
2122,1
2122,7
2122,17
2122,16
2123,22
2124,3
2125,48
2126,44
2127,4
2128,34
2129,3
2130,17
2131,1
2131,19
2132,7
2133,1
2134,1
2135,37
2136,1
2137,18
2138,14
2139,7
2139,1
2140,1
2140,14
2141,1
2142,4
2143,1
2144,1
2145,1
2146,18
2147,1
2148,3
2149,19
2150,1
2150,17
2150,7
2151,8
2152,20
2153,3
2154,8
2155,1
2156,1
2157,1
2158,1
2159,1
2160,1
2161,17
2162,66
2163,48
2163,1
2164,14
2165,3
2166,1
2167,3
2168,1
2169,34
2170,1
2171,1
2172,1
2173,1
2174,1
2175,17
2176,18
2177,1
2178,17
2179,17
2180,12
2180,1
2181,18
2182,1
2183,3
2184,17
2185,7
2186,8
2187,4
2188,2
2189,1
2190,1
2191,1
2191,17
2192,79
2192,8
2192,60
2193,1
2194,4
2195,3
2196,19
2197,80
2198,34
2198,14
2199,43
2200,1
2201,1
2202,1
2203,1
2204,1
2205,4
2206,16
2207,4
2208,16
2208,20
2208,22
2208,1
2209,1
2210,19
2211,20
2211,8
2212,18
2213,20
2214,7
2214,1
2215,1
2216,22
2217,2
2218,1
2219,60
2220,1
2221,28
2221,16
2222,7
2223,3
2224,7
2225,14
2225,21
2225,69
2225,70
2225,30
2226,14
2227,13
2228,7
2228,13
2229,1
2230,1
2231,34
2232,19
2233,1
2234,14
2234,21
2235,19
2236,11
2237,3
2238,1
2239,81
2240,19
2241,24
2242,1
2243,13
2244,14
2245,2
2246,34
2247,1
2248,47
2249,1
2250,1
2251,1
2252,21
2253,3
2254,18
2255,12
2256,22
2257,33
2258,1
2259,13
2260,1
2261,1
2261,14
2262,3
2263,1
2263,16
2264,3
2265,4
2266,4
2267,4
2268,4
2269,4
2270,4
2271,4
2272,4
2273,4
2274,4
2275,4
2276,45
2277,4
2278,4
2279,4
2280,4
2281,4
2282,4
2283,4
2284,1
2285,4
2286,4
2287,4
2288,4
2289,4
2290,4
2291,4
2292,4
2293,4
2294,20
2295,1
2296,46
2296,7
2297,38
2297,14
2297,21
2297,1
2298,18
2299,1
2300,1
2301,5
2302,1
2303,34
2304,1
2305,24
2306,7
2307,40
2308,1
2308,17
2309,20
2310,12
2311,17
2312,1
2312,8
2312,17
2313,12
2314,1
2315,7
2315,1
2316,1
2317,20
2317,14
2317,17
2317,1
2318,1
2318,11
2319,14
2320,24
2321,18
2322,1
2323,68
2323,24
2324,7
2324,19
2325,46
2326,19
2327,3
2328,8
2328,1
2329,13
2330,37
2331,1
2332,1
2333,19
2334,57
2335,4
2336,3
2337,4
2338,22
2339,4
2340,4
2341,4
2342,1
2343,4
2344,7
2345,68
2346,1
2347,1
2348,4
2349,19
2350,22
2351,1
2352,19
2353,1
2354,4
2355,14
2355,47
2356,1
2357,1
2358,1
2359,14
2360,34
2361,12
2362,47
2362,14
2363,1
2364,14
2364,34
2364,20
2364,21
2365,18
2366,47
2366,42
2367,14
2367,47
2368,47
2369,47
2370,47
2371,3
2372,57
2373,45
2374,47
2375,55
2376,47
2377,47
2378,17
2378,22
2378,1
2379,1
2380,7
2380,1
2381,1
2382,19
2382,7
2383,1
2384,1
2385,7
2385,1
2386,26
2386,20
2387,51
2388,19
2389,1
2390,4
2391,1
2392,46
2393,4
2394,1
2395,3
2396,1
2396,14
2396,17
2397,8
2398,1
2399,18
2400,18
2401,11
2402,43
2402,1
2403,59
2403,36
2403,55
2403,44
2404,44
2405,24
2406,1
2407,1
2408,1
2409,22
2410,34
2411,22
2412,1
2413,43
2414,4
2415,4
2416,1
2416,11
2416,20
2416,76
2417,1
2418,1
2419,47
2420,1
2421,4
2422,19
2423,1
2424,1
2424,17
2425,1
2426,3
2427,18
2428,12
2429,12
2430,47
2431,1
2432,1
2433,3
2434,47
2435,47
2436,47
2437,3
2438,47
2439,47
2440,47
2441,17
2442,44
2442,59
2443,47
2444,47
2445,18
2446,4
2447,82
2448,22
2449,59
2450,18
2451,18
2452,18
2452,1
2453,22
2454,22
2455,1
2456,7
2456,8
2456,59
2456,33
2457,25
2457,1
2458,59
2459,4
2460,1
2461,14
2461,47
2462,31
2463,18
2464,59
2465,59
2466,26
2467,13
2468,11
2468,1
2469,13
2470,16
2471,1
2472,1
2473,4
2474,1
2475,46
2476,46
2477,7
2478,19
2479,18
2480,1
2481,17
2482,46
2483,49
2484,3
2485,3
2486,68
2487,22
2488,47
2489,3
2490,3
2491,47
2492,47
2493,47
2494,17
2494,19
2495,1
2496,3
2497,7
2498,1
2499,11
2500,37
2501,4
2502,47
2503,47
2504,47
2505,47
2506,47
2507,47
2508,1
2509,1
2510,47
2511,47
2512,44
2512,50
2512,8
2512,36
2512,59
2512,1
2513,47
2514,19
2515,7
2516,1
2517,49
2518,22
2519,22
2520,1
2521,55
2522,20
2523,14
2524,1
2525,1
2526,18
2527,1
2528,45
2529,22
2530,13
2531,7
2531,20
2532,46
2533,46
2534,59
2535,4
2536,3
2537,11
2538,19
2539,49
2540,4
2541,1
2542,59
2543,17
2544,1
2545,4
2546,4
2547,15
2547,14
2548,1
2549,1
2550,1
2551,24
2552,1
2553,17
2554,7
2554,8
2554,1
2554,14
2555,17
2556,59
2557,49
2558,16
2559,46
2560,1
2561,3
2562,1
2563,4
2563,7
2563,16
2563,17
2563,18
2563,22
2563,1
2564,34
2565,4
2566,26
2567,1
2568,37
2569,3
2570,3
2571,1
2572,1
2573,1
2574,1
2575,3
2576,1
2577,1
2578,1
2579,14
2579,21
2580,1
2581,1
2582,1
2583,1
2584,29
2585,2
2586,24
2586,7
2586,14
2587,18
2588,4
2589,17
2590,4
2591,13
2591,1
2592,1
2593,1
2594,3
2595,3
2596,3
2597,1
2597,7
2598,1
2599,18
2600,1
2600,11
2600,37
2601,1
2601,17
2602,34
2603,18
2604,40
2605,1
2606,12
2607,22
2608,19
2609,1
2610,7
2611,4
2612,2
2613,12
2614,12
2614,4
2615,47
2616,12
2617,12
2618,24
2618,12
2619,12
2620,3
2621,12
2622,12
2623,1
2624,47
2625,25
2626,4
2627,4
2628,1
2629,7
2630,4
2631,47
2632,22
2633,7
2633,1
2633,18
2634,47
2635,14
2635,21
2635,1
2636,47
2637,47
2638,47
2639,47
2640,3
2641,7
2642,3
2643,4
2644,12
2645,4
2646,18
2646,1
2647,46
2648,46
2649,11
2650,46
2651,22
2652,1
2653,1
2654,43
2655,19
2656,20
2657,17
2657,1
2657,7
2658,7
2659,18
2660,1
2661,83
2661,1
2661,37
2662,1
2663,1
2664,4
2665,4
2666,22
2667,1
2668,12
2669,14
2669,21
2670,11
2671,4
2672,8
2673,1
2674,20
2674,8
2675,66
2675,26
2676,14
2677,39
2678,1
2678,7
2678,18
2679,1
2680,34
2681,1
2682,12
2683,57
2684,4
2685,1
2686,4
2687,1
2688,19
2689,19
2690,1
2691,17
2692,1
2693,1
2693,26
2694,7
2694,24
2695,14
2696,1
2697,24
2698,1
2699,18
2700,3
2701,57
2702,1
2703,1
2704,1
2705,1
2706,1
2707,31
2707,7
2708,1
2709,68
2710,1
2711,1
2712,20
2713,7
2713,14
2713,21
2713,17
2713,1
2714,18
2715,18
2716,4
2717,4
2717,1
2718,4
2719,1
2720,54
2721,4
2721,1
2722,4
2723,4
2724,4
2725,4
2726,4
2727,4
2728,1
2729,4
2730,4
2731,4
2732,4
2733,4
2734,4
2735,4
2736,4
2737,7
2738,4
2739,4
2740,3
2741,18
2742,4
2743,7
2744,1
2745,50
2745,8
2745,48
2745,7
2746,1
2747,7
2748,4
2749,16
2750,1
2751,4
2752,4
2753,3
2754,1
2755,1
2756,17
2757,4
2758,1
2759,17
2759,1
2760,3
2761,4
2762,22
2763,1
2764,1
2765,1
2766,4
2767,4
2768,1
2769,17
2770,17
2771,17
2772,1
2773,3
2774,53
2775,3
2776,45
2777,8
2778,8
2779,1
2780,1
2781,53
2782,20
2783,1
2784,63
2784,8
2785,40
2785,16
2786,3
2787,26
2788,3
2789,1
2789,18
2790,11
2791,1
2792,1
2793,4
2794,7
2795,7
2796,1
2797,24
2798,14
2799,1
2800,18
2800,1
2801,44
2802,1
2803,54
2804,18
2805,50
2806,7
2807,1
2808,7
2808,1
2808,31
2809,1
2810,1
2811,4
2812,3
2813,3
2814,1
2815,3
2816,4
2817,1
2818,2
2819,60
2820,13
2821,1
2822,22
2822,1
2823,1
2824,12
2825,58
2826,1
2827,1
2828,34
2828,7
2829,17
2829,1
2830,1
2831,84
2831,1
2832,3
2833,2
2834,4
2835,14
2836,1
2837,1
2838,20
2839,1
2840,19
2841,3
2842,4
2843,45
2844,25
2844,14
2844,38
2844,8
2845,1
2846,25
2847,20
2848,1
2848,17
2849,34
2850,1
2851,4
2852,2
2853,7
2854,1
2855,18
2856,8
2857,4
2858,3
2859,3
2860,1
2861,7
2861,1
2861,14
2862,1
2863,2
2864,1
2865,3
2866,14
2867,7
2867,17
2867,1
2868,1
2869,37
2870,4
2871,2
2872,20
2873,11
2874,4
2875,1
2876,18
2877,18
2878,44
2879,19
2880,19
2881,1
2882,19
2883,19
2884,1
2885,3
2886,19
2887,1
2888,1
2889,22
2890,1
2891,17
2892,1
2893,22
2894,3
2895,26
2896,8
2897,4
2898,1
2899,4
2900,2
2901,34
2902,25
2902,7
2903,1
2904,14
2904,76
2904,1
2905,1
2906,1
2907,19
2908,1
2909,1
2910,3
2911,85
2912,7
2912,14
2912,21
2912,31
2912,1
2913,57
2914,43
2915,8
2916,2
2917,4
2918,4
2919,19
2920,18
2921,1
2922,11
2922,1
2923,3
2924,45
2925,2
2926,1
2927,1
2928,1
2929,1
2930,11
2931,46
2932,1
2933,1
2934,1
2934,60
2934,17
2935,43
2935,1
2936,4
2937,5
2938,1
2939,19
2940,1
2941,4
2942,17
2942,1
2943,3
2944,1
2945,1
2946,18
2947,67
2947,1
2948,1
2949,1
2950,1
2951,1
2952,1
2953,1
2954,1
2955,4
2956,20
2957,1
2958,4
2959,18
2960,22
2961,1
2962,17
2962,2
2963,14
2963,22
2963,18
2963,1
2964,50
2965,7
2966,18
2967,18
2968,1
2969,1
2970,4
2971,18
2972,11
2973,14
2974,19
2975,24
2976,1
2977,20
2978,18
2979,1
2980,7
2981,1
2982,14
2982,21
2983,3
2984,7
2985,34
2986,4
2987,4
2988,4
2989,1
2990,40
2991,2
2992,3
2993,19
2994,1
2995,1
2996,1
2997,11
2998,1
2999,18
3000,40
3000,51
3001,1
3002,1
3003,66
3003,26
3003,8
3003,20
3004,1
3005,4
3006,1
3007,4
3008,1
3009,1
3009,7
3009,14
3009,8
3009,18
3010,1
3011,50
3012,17
3013,8
3014,1
3015,1
3016,16
3017,1
3017,14
3017,18
3018,1
3019,7
3019,14
3019,1
3020,18
3021,18
3022,7
3022,1
3023,4
3024,20
3024,14
3024,1
3025,1
3026,63
3027,1
3028,1
3029,14
3030,43
3031,3
3032,1
3033,4
3034,1
3035,7
3036,1
3037,4
3038,1
3039,7
3040,13
3041,14
3042,1
3043,1
3044,1
3045,20
3046,7
3047,11
3048,17
3049,4
3050,1
3051,21
3052,46
3052,22
3052,23
3053,22
3054,17
3055,7
3056,18
3057,3
3058,1
3059,1
3059,22
3060,22
3060,1
3061,4
3062,1
3063,1
3063,20
3064,22
3065,3
3066,1
3067,50
3067,8
3067,24
3067,17
3068,20
3068,8
3068,48
3068,1
3069,11
3069,20
3070,18
3071,46
3072,22
3073,3
3074,1
3075,22
3076,1
3077,22
3078,4
3079,4
3080,18
3081,1
3082,1
3083,60
3083,54
3084,3
3085,22
3085,17
3085,1
3085,16
3086,22
3087,3
3088,16
3089,18
3090,18
3091,2
3092,26
3092,66
3092,75
3093,1
3094,3
3095,24
3096,14
3097,1
3098,1
3099,18
3100,1
3101,39
3101,1
3102,14
3102,18
3103,1
3104,18
3105,11
3106,1
3107,1
3108,1
3109,1
3110,13
3111,19
3112,62
3112,2
3113,19
3114,3
3115,19
3116,3
3117,7
3117,24
3118,1
3118,43
3119,1
3119,11
3120,14
3121,43
3122,7
3122,1
3123,1
3124,1
3125,71
3126,7
3126,1
3126,8
3126,48
3126,21
3126,18
3127,4
3128,22
3129,1
3130,22
3131,19
3132,4
3133,4
3134,4
3135,4
3135,8
3136,4
3137,4
3138,18
3139,3
3140,4
3141,19
3142,4
3143,4
3144,4
3145,5
3146,4
3147,1
3148,4
3149,1
3150,4
3151,1
3152,19
3153,2
3154,19
3155,3
3156,40
3157,3
3158,7
3159,4
3159,7
3159,17
3159,1
3160,47
3161,1
3162,1
3163,1
3164,4
3165,34
3166,1
3167,19
3168,3
3169,1
3170,7
3170,1
3171,18
3172,19
3173,1
3174,18
3175,34
3176,1
3177,20
3178,3
3179,19
3180,7
3180,19
3181,1
3182,1
3183,1
3184,1
3185,16
3186,37
3187,1
3188,1
3189,1
3190,4
3191,1
3192,57
3192,1
3193,1
3194,4
3195,13
3196,4
3197,4
3198,7
3199,4
3200,3
3201,45
3202,4
3203,14
3204,25
3204,41
3204,53
3205,22
3206,66
3206,86
3207,4
3208,14
3208,74
3208,21
3209,7
3209,17
3210,19
3211,14
3212,2
3213,11
3213,1
3213,20
3213,37
3214,3
3215,19
3216,19
3217,3
3218,19
3219,1
3220,18
3221,34
3222,1
3223,14
3224,1
3225,4
3226,3
3227,17
3227,60
3228,1
3229,1
3230,1
3231,43
3232,3
3233,11
3234,4
3235,20
3236,1
3237,16
3238,14
3239,1
3240,18
3241,1
3242,1
3243,1
3244,34
3245,1
3246,23
3246,1
3247,1
3247,17
3248,1
3249,1
3250,45
3251,1
3252,4
3253,8
3254,11
3255,4
3256,14
3257,1
3258,3
3259,40
3260,15
3260,8
3260,21
3261,1
3262,7
3262,14
3263,1
3263,68
3264,40
3265,7
3265,18
3265,1
3266,37
3267,26
3268,4
3269,4
3270,1
3271,22
3272,18
3273,18
3274,20
3274,7
3275,40
3276,1
3277,40
3278,22
3279,4
3279,1
3280,11
3281,18
3282,45
3283,1
3284,12
3285,3
3286,14
3287,45
3288,26
3288,1
3288,11
3289,22
3290,1
3291,1
3292,16
3293,1
3294,4
3295,7
3296,7
3296,17
3296,1
3297,1
3298,14
3299,37
3300,4
3301,1
3302,18
3303,16
3303,28
3304,34
3305,1
3306,1
3307,7
3308,1
3309,22
3310,1
3311,7
3312,1
3313,4
3314,1
3315,1
3316,1
3317,1
3318,1
3318,17
3319,1
3320,1
3320,22
3320,18
3321,1
3321,17
3322,1
3323,1
3324,1
3324,17
3325,1
3326,1
3327,20
3328,1
3329,14
3330,1
3331,1
3332,1
3333,7
3334,18
3335,4
3336,1
3337,18
3338,1
3339,1
3340,18
3341,18
3342,18
3343,1
3343,18
3344,1
3345,1
3346,17
3346,13
3347,3
3348,7
3348,53
3348,13
3349,24
3349,21
3350,11
3351,17
3352,26
3352,20
3353,8
3354,11
3355,26
3356,1
3356,18
3357,40
3358,3
3359,22
3360,4
3361,22
3362,3
3363,1
3364,1
3365,1
3366,11
3366,1
3367,7
3368,16
3369,16
3370,1
3371,34
3372,12
3373,1
3374,20
3375,1
3375,7
3375,8
3376,26
3377,3
3378,14
3379,20
3380,1
3381,38
3382,16
3383,1
3384,1
3385,23
3385,51
3386,1
3387,1
3388,28
3388,16
3389,1
3390,7
3391,3
3392,14
3392,21
3392,69
3392,25
3392,17
3392,1
3393,2
3393,19
3394,3
3395,3
3396,3
3397,3
3398,3
3399,1
3400,3
3401,7
3402,7
3403,12
3404,4
3405,3
3406,20
3407,1
3408,19
3409,7
3410,1
3411,50
3412,19
3413,4
3414,46
3415,16
3416,13
3417,22
3418,1
3419,1
3420,22
3421,22
3422,1
3422,7
3423,1
3424,12
3425,17
3426,14
3427,22
3428,12
3429,1
3430,1
3431,1
3432,19
3433,18
3434,14
3435,20
3435,14
3436,3
3437,3
3438,18
3439,1
3440,1
3441,1
3442,1
3443,1
3444,46
3445,11
3446,22
3447,4
3448,7
3448,28
3449,12
3450,7
3450,17
3451,17
3451,1
3452,12
3453,7
3454,1
3455,1
3456,3
3457,1
3458,1
3459,1
3460,11
3461,1
3462,22
3463,22
3464,4
3465,4
3466,50
3467,4
3468,4
3469,4
3470,3
3471,22
3472,1
3473,8
3473,1
3474,22
3475,22
3476,1
3477,1
3478,1
3479,7
3480,3
3481,18
3482,4
3483,12
3484,26
3485,1
3485,17
3486,1
3487,4
3488,28
3488,16
3489,11
3490,1
3491,1
3491,11
3492,13
3493,3
3494,3
3495,1
3496,1
3497,4
3498,1
3499,4
3500,22
3501,1
3502,3
3503,8
3504,20
3505,1
3506,1
3507,20
3508,12
3509,17
3510,4
3511,22
3512,7
3513,1
3514,1
3515,1
3516,1
3517,4
3518,1
3519,1
3520,18
3521,12
3522,14
3523,16
3524,1
3525,3
3526,1
3527,1
3528,1
3529,1
3529,7
3530,7
3531,4
3532,4
3533,4
3534,12
3535,14
3536,1
3537,84
3538,4
3539,34
3539,1
3540,3
3541,1
3542,18
3543,48
3543,34
3543,14
3543,72
3543,54
3544,7
3545,1
3546,59
3547,16
3547,7
3548,3
3549,37
3550,68
3551,3
3552,7
3552,1
3553,37
3554,1
3554,17
3555,20
3556,1
3557,34
3558,1
3559,7
3560,1
3561,28
3562,1
3563,3
3564,4
3565,4
3566,16
3566,40
3567,4
3568,1
3569,3
3570,4
3570,12
3571,3
3572,1
3573,57
3574,7
3575,7
3576,20
3577,26
3578,29
3579,1
3580,37
3581,22
3581,1
3582,1
3583,1
3584,1
3585,17
3586,16
3587,20
3588,20
3589,1
3589,18
3590,4
3590,1
3591,40
3592,34
3593,3
3594,4
3595,4
3596,1
3597,11
3598,1
3599,1
3600,3
3601,1
3602,1
3603,4
3604,1
3605,34
3606,1
3607,22
3608,55
3609,1
3610,51
3610,23
3610,28
3611,22
3612,22
3613,22
3614,22
3615,22
3616,1
3617,4
3618,1
3619,57
3620,1
3621,1
3622,1
3623,1
3624,1
3624,18
3625,1
3626,11
3627,50
3628,1
3629,3
3630,7
3630,1
3631,4
3632,4
3633,45
3634,13
3635,17
3636,3
3637,1
3638,20
3639,57
3639,23
3640,14
3640,21
3641,22
3642,26
3643,1
3644,1
3645,13
3645,17
3646,1
3647,1
3648,28
3649,28
3650,28
3650,16
3651,28
3651,16
3652,28
3653,20
3654,1
3655,1
3656,4
3657,22
3658,1
3659,4
3660,1
3661,16
3662,4
3663,1
3664,18
3665,18
3666,18
3667,18
3668,1
3669,20
3670,54
3671,40
3671,16
3671,14
3671,1
3672,3
3673,8
3674,22
3675,3
3676,14
3676,1
3677,8
3677,24
3678,3
3679,20
3680,1
3681,1
3682,26
3683,16
3684,1
3685,3
3686,1
3687,1
3688,13
3689,45
3690,45
3691,22
3692,1
3693,1
3694,1
3695,14
3696,14
3697,18
3698,1
3698,20
3699,45
3700,4
3701,1
3702,4
3703,1
3704,37
3704,79
3704,7
3705,1
3706,13
3707,11
3708,13
3708,1
3709,20
3710,7
3711,3
3712,11
3713,18
3714,4
3715,4
3716,1
3717,18
3718,45
3718,16
3718,1
3719,26
3719,1
3720,37
3721,18
3722,1
3723,26
3724,18
3725,18
3726,1
3727,33
3728,1
3729,18
3730,4
3731,14
3732,1
3733,34
3734,1
3735,1
3736,8
3737,18
3738,18
3739,54
3739,1
3740,4
3741,4
3742,18
3743,16
3744,20
3745,21
3746,1
3747,14
3747,21
3748,34
3749,3
3750,1
3751,4
3752,1
3753,1
3754,1
3755,11
3756,36
3757,1
3758,46
3759,1
3760,1
3761,51
3762,66
3762,20
3762,11
3763,1
3764,20
3765,13
3766,4
3767,14
3767,69
3767,17
3768,8
3769,4
3770,1
3771,1
3772,1
3773,8
3774,18
3775,7
3776,50
3777,1
3778,1
3779,1
3780,1
3781,22
3782,4
3783,40
3784,4
3785,18
3786,25
3787,28
3788,17
3789,4
3790,3
3791,4
3792,16
3793,1
3794,22
3795,1
3796,1
3797,3
3798,63
3799,1
3800,1
3801,1
3802,1
3803,3
3804,1
3804,11
3805,4
3806,1
3807,1
3808,11
3809,11
3810,20
3811,48
3811,20
3812,20
3813,1
3814,57
3815,3
3816,24
3817,1
3818,7
3819,1
3820,4
3821,7
3822,7
3823,4
3824,26
3825,3
3826,1
3827,18
3828,1
3829,1
3830,1
3831,33
3832,16
3832,28
3833,68
3833,26
3834,14
3835,28
3835,16
3836,1
3837,20
3838,3
3839,34
3840,16
3841,1
3842,1
3843,40
3844,3
3845,3
3846,3
3847,3
3848,3
3849,3
3850,3
3851,3
3852,3
3853,22
3854,3
3855,49
3856,55
3857,3
3858,7
3858,21
3858,54
3859,16
3860,1
3861,11
3862,17
3862,34
3863,20
3864,1
3865,7
3866,22
3867,1
3868,1
3869,4
3870,1
3871,18
3872,7
3873,1
3874,51
3875,4
3876,28
3877,40
3878,1
3879,28
3880,18
3881,3
3882,40
3883,3
3884,40
3885,1
3886,4
3887,11
3887,1
3888,1
3889,37
3890,12
3891,4
3892,1
3893,1
3894,3
3895,48
3896,3
3897,3
3898,40
3899,13
3900,4
3901,40
3902,18
3902,1
3903,34
3904,1
3905,24
3905,14
3906,7
3907,11
3908,3
3909,7
3910,3
3911,4
3912,4
3913,1
3914,4
3914,14
3915,4
3916,4
3917,4
3918,4
3919,4
3920,1
3921,1
3922,20
3923,12
3924,12
3925,24
3926,1
3927,1
3928,1
3929,22
3930,34
3931,17
3931,8
3932,1
3933,4
3934,3
3935,1
3936,1
3937,7
3938,1
3939,1
3939,7
3940,4
3941,54
3942,51
3943,17
3943,1
3944,1
3945,11
3946,1
3947,22
3948,3
3949,46
3950,55
3951,4
3952,51
3953,1
3954,3
3955,16
3956,84
3956,59
3957,22
3958,1
3959,1
3959,18
3960,1
3961,5
3961,1
3962,7
3963,4
3964,11
3964,15
3965,14
3966,1
3967,1
3968,1
3969,3
3970,7
3971,14
3971,17
3972,18
3973,46
3974,46
3975,1
3976,4
3977,3
3978,20
3979,45
3980,1
3981,11
3982,4
3983,20
3984,1
3985,3
3986,1
3987,1
3988,3
3989,17
3990,18
3991,57
3992,57
3993,57
3994,57
3995,57
3996,66
3997,3
3998,4
3999,18
4000,1
4001,1
4002,40
4003,59
4003,7
4003,4
4004,14
4004,21
4005,24
4006,50
4006,21
4007,20
4008,1
4009,1
4010,1
4011,1
4012,1
4012,40
4013,3
4014,51
4015,7
4016,3
4017,7
4018,57
4019,57
4020,57
4021,57
4022,57
4023,47
4024,47
4025,1
4026,3
4027,47
4028,47
4029,1
4030,3
4031,47
4032,59
4033,12
4034,1
4035,14
4036,3
4037,1
4038,1
4039,57
4040,57
4041,57
4042,57
4043,1
4044,13
4045,22
4046,1
4047,57
4048,57
4049,18
4050,3
4051,63
4051,87
4051,1
4052,45
4053,45
4054,14
4054,21
4055,4
4056,3
4057,3
4058,17
4059,17
4060,1
4060,14
4061,1
4062,3
4063,7
4063,88
4064,18
4065,89
4065,26
4066,1
4067,20
4067,14
4068,20
4068,14
4069,57
4070,57
4071,57
4072,57
4073,4
4074,57
4075,57
4076,57
4077,57
4078,57
4079,57
4080,1
4081,1
4082,4
4083,20
4084,1
4085,1
4086,4
4087,1
4088,14
4089,4
4090,7
4091,34
4092,22
4093,1
4094,17
4095,4
4096,7
4096,29
4096,1
4097,1
4098,4
4099,4
4100,1
4101,34
4102,4
4103,4
4104,4
4105,48
4106,3
4107,4
4108,4
4109,4
4110,3
4111,33
4112,26
4113,4
4114,20
4115,1
4115,17
4116,1
4117,20
4118,1
4119,40
4120,21
4121,1
4122,1
4123,1
4124,1
4125,20
4126,47
4127,47
4128,22
4129,1
4130,7
4131,47
4132,18
4133,22
4134,7
4135,4
4136,1
4137,40
4138,1
4139,1
4140,1
4141,1
4142,1
4143,1
4144,29
4145,18
4146,1
4146,17
4147,1
4148,51
4149,16
4149,28
4150,3
4151,3
4152,4
4152,84
4153,4
4154,3
4155,22
4156,20
4157,3
4158,46
4158,23
4159,4
4160,46
4161,46
4162,46
4163,40
4164,1
4165,57
4166,20
4166,21
4167,7
4168,11
4169,20
4170,26
4170,20
4171,1
4171,8
4172,3
4173,1
4174,26
4175,12
4176,7
4176,1
4177,1
4178,1
4179,1
4180,3
4181,34
4182,11
4183,4
4184,7
4185,3
4186,1
4187,84
4188,4
4189,4
4190,40
4191,4
4192,84
4193,22
4194,1
4195,46
4196,46
4197,40
4198,4
4199,57
4200,3
4201,1
4202,31
4203,7
4204,1
4205,20
4206,1
4207,20
4207,7
4208,39
4209,18
4210,4
4211,71
4212,45
4213,58
4213,54
4213,21
4214,3
4215,19
4216,3
4217,3
4218,7
4219,1
4220,45
4221,1
4222,4
4223,1
4224,18
4225,4
4226,4
4227,90
4228,1
4229,1
4230,7
4231,3
4232,7
4233,7
4234,1
4235,3
4236,7
4237,11
4238,1
4239,1
4240,1
4241,1
4242,40
4243,3
4244,18
4245,1
4246,1
4247,7
4248,7
4249,1
4250,1
4251,3
4252,45
4253,66
4253,26
4253,20
4254,1
4255,39
4256,4
4257,1
4258,4
4259,3
4260,20
4261,1
4262,40
4263,7
4263,31
4263,1
4264,3
4265,7
4266,3
4267,1
4268,14
4268,21
4269,1
4270,40
4271,18
4272,40
4273,40
4274,8
4275,18
4276,43
4276,1
4277,12
4278,23
4279,18
4280,18
4281,23
4282,23
4283,23
4284,4
4285,1
4286,4
4287,1
4288,4
4289,16
4290,1
4291,1
4292,1
4293,17
4293,8
4293,14
4293,1
4294,1
4295,7
4295,18
4296,1
4297,7
4298,57
4299,1
4300,1
4301,1
4302,1
4303,20
4304,4
4305,22
4306,3
4307,11
4307,1
4308,1
4309,1
4310,13
4311,17
4311,1
4312,1
4313,18
4314,1
4315,1
4316,24
4317,8
4318,1
4319,3
4320,7
4320,1
4321,1
4322,13
4323,3
4324,3
4325,1
4326,3
4327,22
4328,22
4329,84
4330,16
4330,28
4331,28
4332,11
4333,60
4333,48
4333,50
4333,54
4334,28
4334,16
4335,28
4336,4
4337,51
4338,28
4339,28
4339,16
4340,13
4341,3
4342,28
4342,16
4342,1
4343,16
4343,28
4344,28
4345,3
4346,28
4347,4
4348,1
4349,28
4350,16
4351,43
4351,1
4352,1
4353,31
4353,17
4354,1
4355,11
4356,24
4356,38
4356,14
4356,8
4357,18
4358,4
4359,4
4360,1
4360,17
4361,14
4362,11
4362,50
4363,1
4364,1
4364,54
4365,1
4366,17
4367,20
4368,7
4369,1
4370,1
4371,20
4372,3
4373,3
4374,1
4374,17
4375,46
4376,46
4377,1
4378,1
4379,1
4380,16
4381,1
4381,11
4382,1
4383,1
4384,14
4384,21
4385,17
4386,1
4387,1
4388,34
4389,4
4390,3
4391,17
4392,4
4393,46
4394,4
4395,4
4396,4
4397,20
4398,57
4399,3
4400,48
4401,8
4401,14
4401,29
4402,28
4403,8
4404,1
4405,7
4405,1
4406,34
4407,37
4408,22
4408,1
4409,1
4410,14
4410,21
4411,1
4412,4
4413,1
4414,51
4415,34
4416,3
4417,1
4418,1
4419,14
4419,91
4419,1
4420,1
4421,4
4422,4
4423,4
4424,4
4425,4
4426,4
4427,4
4428,4
4429,17
4430,4
4431,26
4432,7
4432,4
4433,4
4434,4
4435,1
4436,34
4437,1
4438,4
4439,4
4440,4
4441,4
4442,4
4443,4
4444,4
4445,4
4446,4
4447,4
4448,1
4449,4
4450,4
4451,1
4452,4
4453,4
4454,4
4455,4
4456,4
4457,4
4458,4
4459,4
4460,4
4461,1
4462,3
4463,1
4464,2
4465,4
4466,4
4467,4
4468,20
4468,14
4469,57
4470,18
4471,28
4471,16
4472,3
4473,29
4473,43
4473,75
4474,20
4474,72
4475,37
4476,1
4476,7
4477,1
4477,10
4478,4
4479,1
4480,1
4481,1
4482,3
4483,1
4484,16
4485,1
4486,1
4487,79
4488,16
4489,13
4490,1
4491,11
4491,26
4492,3
4493,7
4493,17
4493,1
4493,73
4494,22
4495,1
4496,1
4497,4
4498,3
4499,45
4500,28
4500,16
4501,46
4501,1
4502,7
4503,4
4504,17
4505,13
4506,1
4507,4
4508,4
4509,7
4510,4
4511,7
4511,1
4512,3
4513,20
4513,14
4514,1
4515,3
4516,46
4517,1
4518,1
4519,1
4520,1
4520,39
4520,7
4520,17
4521,3
4522,3
4523,60
4523,58
4523,1
4524,34
4525,1
4526,1
4527,51
4528,1
4529,1
4530,3
4531,10
4531,1
4532,18
4533,7
4534,1
4535,3
4536,22
4537,3
4538,7
4538,4
4538,1
4539,1
4540,1
4540,41
4541,1
4542,3
4543,7
4544,3
4545,7
4546,7
4547,1
4548,7
4549,7
4550,7
4551,7
4551,92
4552,7
4553,7
4554,1
4554,7
4555,7
4556,7
4557,4
4558,17
4559,4
4560,4
4561,4
4562,4
4563,4
4564,4
4565,3
4566,4
4567,3
4568,4
4569,4
4570,4
4571,1
4572,4
4573,4
4574,4
4575,4
4576,4
4577,4
4578,4
4579,4
4580,4
4581,4
4582,4
4583,4
4584,4
4585,4
4586,4
4587,4
4588,4
4589,4
4590,1
4591,1
4591,17
4592,1
4593,4
4594,4
4595,4
4596,4
4597,4
4597,1
4598,4
4599,4
4600,4
4601,4
4602,4
4603,4
4604,4
4605,1
4606,4
4607,3
4608,4
4609,7
4610,4
4611,4
4612,4
4613,4
4614,4
4614,13
4615,4
4616,84
4617,1
4617,7
4618,34
4619,16
4620,1
4621,1
4622,1
4623,17
4624,22
4624,1
4625,46
4626,20
4627,7
4627,1
4628,3
4629,18
4630,1
4631,1
4632,34
4633,1
4634,18
4635,17
4635,1
4636,55
4637,1
4638,3
4639,11
4640,1
4641,3
4642,39
4642,1
4643,1
4644,16
4645,1
4646,22
4647,24
4648,1
4649,3
4650,50
4651,3
4652,1
4653,1
4654,1
4654,30
4655,3
4656,1
4657,16
4657,17
4657,1
4658,1
4659,1
4660,21
4660,7
4660,1
4661,4
4662,7
4662,1
4663,45
4664,1
4665,40
4666,14
4666,21
4667,4
4668,4
4669,4
4670,4
4670,8
4670,63
4671,13
4672,14
4673,20
4674,1
4674,10
4675,1
4676,20
4677,1
4677,34
4677,22
4677,11
4677,18
4677,8
4678,3
4679,37
4680,4
4681,4
4682,4
4683,1
4684,1
4685,3
4686,4
4687,17
4688,16
4689,1
4690,7
4691,4
4692,4
4693,4
4694,4
4695,4
4696,1
4697,1
4698,20
4698,11
4699,1
4700,22
4701,4
4702,1
4702,4
4703,13
4704,1
4705,1
4706,7
4706,14
4706,1
4707,1
4708,1
4709,26
4709,20
4710,1
4711,3
4712,40
4713,4
4714,4
4715,4
4716,16
4716,18
4717,20
4718,3
4719,1
4720,4
4721,4
4722,4
4723,4
4724,4
4725,4
4726,4
4727,4
4728,4
4729,4
4730,4
4731,4
4732,4
4733,4
4734,4
4735,4
4736,4
4737,4
4738,4
4739,11
4740,1
4741,26
4741,14
4742,18
4743,18
4744,14
4745,18
4746,13
4747,13
4748,13
4749,14
4749,21
4750,11
4751,11
4751,1
4752,1
4753,18
4754,13
4754,1
4755,20
4756,4
4757,1
4758,20
4759,7
4760,33
4761,16
4761,1
4761,7
4762,1
4763,1
4764,18
4765,17
4765,1
4766,34
4767,20
4768,3
4769,20
4770,18
4771,13
4772,1
4773,16
4774,1
4775,1
4776,11
4777,39
4778,7
4779,1
4780,22
4781,1
4782,26
4783,1
4784,20
4785,14
4785,69
4785,1
4786,1
4787,1
4788,1
4789,1
4790,16
4790,1
4790,13
4791,4
4792,1
4793,4
4794,4
4795,1
4796,4
4797,4
4798,4
4799,1
4800,11
4801,4
4802,1
4803,4
4804,1
4805,1
4806,20
4807,7
4808,7
4809,68
4810,7
4810,1
4811,37
4811,11
4812,1
4813,1
4814,1
4814,17
4815,1
4816,34
4817,18
4818,14
4819,1
4820,1
4820,17
4820,31
4821,7
4822,1
4823,16
4824,13
4825,1
4826,4
4827,39
4828,79
4829,1
4830,20
4831,68
4831,79
4832,3
4833,3
4834,1
4835,13
4836,11
4837,14
4838,1
4839,18
4840,4
4841,45
4842,14
4843,1
4844,8
4845,1
4846,1
4847,1
4848,20
4849,22
4850,26
4851,1
4852,1
4853,1
4853,11
4854,18
4855,1
4856,2
4857,3
4858,17
4858,1
4858,14
4859,1
4860,26
4860,24
4861,4
4862,18
4863,18
4864,1
4865,1
4866,1
4867,11
4868,1
4869,7
4869,1
4870,1
4871,1
4872,8
4873,1
4874,17
4874,18
4874,1
4875,1
4876,7
4876,17
4876,1
4876,8
4877,14
4878,1
4879,24
4879,38
4879,93
4879,43
4880,1
4880,18
4880,17
4881,11
4882,16
4882,28
4883,20
4884,37
4885,70
4886,4
4887,4
4888,24
4888,1
4888,26
4889,1
4890,26
4890,20
4891,1
4892,17
4893,3
4894,20
4895,3
4896,1
4897,3
4898,3
4899,14
4900,4
4901,3
4902,1
4903,20
4904,44
4904,56
4904,47
4904,55
4904,49
4905,4
4906,14
4907,3
4908,1
4909,3
4910,20
4911,3
4912,1
4913,1
4914,3
4915,3
4916,8
4917,1
4918,34
4919,22
4920,1
4921,1
4922,17
4922,1
4923,1
4924,34
4925,8
4926,14
4927,1
4928,1
4928,17
4928,46
4928,7
4928,16
4928,23
4929,1
4930,14
4931,1
4932,37
4933,7
4934,57
4935,1
4936,1
4937,20
4937,37
4938,1
4939,1
4940,11
4940,1
4941,26
4942,7
4942,2
4942,13
4942,1
4943,14
4944,41
4945,14
4946,4
4947,1
4948,26
4948,34
4948,14
4948,43
4948,8
4948,48
4949,4
4950,54
4951,1
4952,7
4953,4
4954,4
4955,4
4956,4
4957,4
4958,7
4959,7
4960,1
4961,1
4962,1
4963,11
4964,7
4964,20
4964,1
4964,8
4965,17
4966,17
4967,17
4968,7
4969,7
4970,57
4970,61
4971,1
4972,50
4972,21
4972,8
4972,36
4973,1
4974,7
4975,1
4976,4
4977,1
4978,59
4978,1
4979,26
4980,1
4981,1
4982,3
4983,18
4984,54
4985,47
4986,21
4987,43
4988,22
4989,18
4990,7
4991,1
4992,18
4993,7
4993,1
4994,1
4995,22
4996,4
4997,41
4997,1
4998,60
4998,8
4998,54
4999,1
5000,3
5001,1
5002,26
5003,68
5004,17
5005,17
5006,1
5007,1
5008,4
5009,4
5010,4
5011,1
5012,8
5013,4
5014,20
5015,4
5016,17
5017,17
5018,17
5019,17
5020,17
5021,4
5022,4
5023,22
5024,7
5025,1
5026,20
5027,22
5027,16
5028,14
5029,7
5029,8
5030,1
5031,7
5032,22
5033,7
5034,18
5035,26
5036,1
5037,1
5038,1
5039,18
5040,1
5041,4
5042,1
5043,7
5043,17
5044,94
5045,1
5046,3
5047,1
5048,1
5049,1
5050,3
5051,53
5052,22
5053,1
5053,11
5054,1
5055,1
5056,8
5057,1
5058,7
5059,20
5060,1
5061,23
5062,11
5063,26
5064,1
5065,41
5065,1
5066,22
5067,37
5068,1
5069,3
5070,1
5070,33
5071,18
5072,1
5073,1
5074,17
5074,1
5075,7
5076,20
5077,37
5078,18
5079,1
5080,95
5080,4
5081,4
5082,13
5082,59
5083,1
5084,10
5084,1
5085,1
5086,22
5087,1
5088,37
5089,4
5090,3
5091,7
5091,1
5092,1
5093,18
5094,1
5095,20
5096,18
5097,18
5098,7
5099,18
5100,14
5101,1
5102,1
5103,17
5104,14
5105,14
5106,3
5107,8
5108,1
5109,1
5110,3
5111,1
5112,7
5113,13
5113,1
5114,1
5115,26
5116,17
5117,11
5117,1
5118,7
5119,17
5119,8
5119,2
5120,22
5121,3
5122,1
5123,4
5124,1
5125,22
5125,16
5125,1
5126,1
5127,1
5128,1
5129,3
5130,1
5131,4
5132,4
5132,95
5133,13
5133,1
5134,1
5135,1
5136,4
5137,18
5137,1
5138,1
5139,1
5140,51
5141,1
5142,18
5143,4
5143,11
5144,94
5144,8
5144,14
5145,14
5146,3
5147,59
5147,25
5148,1
5149,1
5150,7
5151,7
5152,4
5153,1
5154,20
5155,18
5156,3
5157,3
5158,22
5159,1
5160,1
5161,13
5161,17
5162,1
5163,1
5164,1
5165,17
5165,1
5166,1
5167,1
5168,1
5169,1
5170,18
5171,29
5172,1
5173,17
5174,18
5175,18
5176,1
5177,11
5178,34
5179,18
5180,1
5181,1
5182,1
5183,1
5184,4
5185,3
5186,17
5187,4
5188,20
5189,59
5190,8
5191,16
5192,3
5193,3
5194,3
5195,3
5196,23
5197,1
5198,1
5199,1
5200,17
5201,1
5202,1
5203,1
5204,1
5205,7
5206,17
5206,1
5207,7
5208,1
5209,1
5210,1
5211,1
5212,1
5213,14
5214,1
5215,4
5216,3
5217,3
5218,4
5219,33
5220,14
5221,4
5221,51
5222,1
5223,8
5223,36
5223,50
5224,12
5224,14
5224,8
5224,43
5225,11
5226,7
5227,1
5228,1
5229,44
5230,20
5231,1
5232,18
5233,16
5234,35
5234,1
5235,1
5236,22
5237,18
5238,1
5238,17
5239,20
5240,1
5240,24
5241,1
5242,17
5243,3
5244,14
5244,7
5244,1
5245,1
5246,1
5247,23
5248,23
5249,60
5249,8
5250,11
5251,40
5252,7
5253,1
5254,1
5255,3
5256,1
5257,3
5258,7
5259,1
5260,3
5261,14
5261,96
5262,1
5263,1
5263,18
5264,17
5265,17
5266,20
5266,26
5267,1
5268,1
5269,1
5270,1
5270,17
5271,70
5271,1
5272,1
5272,48
5273,1
5274,1
5275,13
5276,1
5277,1
5278,1
5279,20
5280,68
5281,1
5282,3
5283,1
5284,1
5285,1
5286,1
5287,1
5288,1
5289,40
5290,40
5291,4
5292,3
5293,18
5294,18
5295,1
5296,4
5297,4
5298,18
5299,18
5300,1
5301,4
5302,1
5303,1
5304,4
5305,4
5306,1
5306,37
5306,11
5307,8
5308,1
5309,14
5310,4
5310,95
5311,26
5311,20
5312,16
5313,7
5313,24
5313,39
5313,79
5313,1
5314,26
5314,66
5314,20
5314,14
5315,26
5316,1
5317,1
5318,13
5319,1
5320,1
5321,1
5322,1
5323,1
5324,7
5324,14
5324,1
5324,21
5325,12
5326,1
5327,1
5328,18
5329,1
5330,1
5331,11
5332,1
5333,1
5334,1
5335,4
5336,3
5337,3
5338,4
5339,3
5340,3
5341,1
5342,14
5342,17
5342,16
5342,70
5343,11
5344,1
5345,7
5345,14
5345,21
5345,1
5346,1
5347,20
5347,8
5348,23
5349,40
5350,22
5351,29
5352,31
5353,3
5354,1
5355,40
5356,29
5357,3
5358,3
5359,1
5360,13
5361,3
5362,68
5362,14
5363,23
5364,7
5365,14
5366,7
5367,7
5368,1
5369,1
5370,1
5371,54
5371,1
5372,4
5373,1
5374,20
5375,20
5376,1
5377,1
5378,1
5379,1
5380,1
5381,1
5382,17
5383,16
5384,16
5385,16
5386,1
5387,16
5388,14
5389,12
5390,13
5391,23
5392,4
5393,1
5393,17
5394,3
5395,50
5396,12
5397,4
5398,7
5399,4
5400,23
5401,4
5402,3
5403,20
5404,23
5405,23
5406,23
5407,23
5408,23
5409,4
5410,23
5411,23
5412,20
5413,1
5413,17
5414,1
5414,7
5415,18
5416,22
5416,1
5417,1
5418,1
5419,50
5419,1
5420,1
5421,4
5422,1
5423,1
5423,18
5423,17
5424,1
5425,1
5426,1
5427,1
5428,1
5429,24
5429,1
5430,4
5431,34
5432,7
5433,1
5434,22
5435,22
5436,22
5437,22
5438,16
5439,22
5440,22
5441,17
5441,1
5442,4
5443,46
5444,20
5445,7
5446,1
5447,22
5448,4
5449,7
5450,1
5451,7
5452,7
5453,4
5454,1
5455,34
5456,14
5456,7
5456,4
5457,17
5457,1
5458,23
5459,3
5460,1
5461,4
5462,4
5463,4
5464,20
5465,48
5466,23
5467,7
5468,7
5469,1
5470,4
5471,1
5472,1
5473,4
5474,1
5475,14
5476,3
5477,18
5478,45
5479,34
5480,1
5481,1
5482,4
5483,4
5484,1
5485,1
5486,4
5487,10
5487,97
5488,8
5488,1
5489,3
5490,1
5491,7
5492,14
5492,17
5493,1
5494,1
5495,13
5496,11
5497,1
5498,1
5499,23
5499,14
5500,4
5501,4
5502,14
5502,21
5503,14
5503,21
5504,7
5505,17
5506,4
5507,17
5508,20
5508,38
5509,1
5509,13
5509,16
5510,22
5511,22
5512,1
5513,17
5513,1
5514,22
5515,20
5516,4
5517,2
5517,1
5517,8
5518,54
5519,1
5520,17
5521,1
5522,1
5523,1
5524,1
5525,1
5526,1
5527,8
5528,8
5529,8
5530,24
5531,19
5532,14
5532,21
5533,20
5534,1
5535,11
5536,1
5537,1
5538,22
5539,1
5540,20
5540,26
5541,1
5542,1
5543,12
5544,34
5545,1
5546,4
5547,1
5548,4
5549,1
5550,4
5551,20
5552,26
5553,20
5554,7
5555,3
5556,7
5557,1
5558,1
5559,1
5559,7
5559,13
5560,34
5561,1
5562,1
5563,1
5564,18
5565,1
5566,1
5567,1
5568,13
5569,22
5570,18
5571,7
5571,18
5571,1
5572,4
5573,17
5574,7
5575,4
5576,1
5577,1
5578,72
5578,20
5579,1
5580,1
5581,22
5582,12
5583,1
5584,7
5585,4
5586,22
5587,1
5588,4
5589,34
5590,34
5591,1
5592,11
5593,22
5594,12
5595,1
5596,20
5597,1
5598,20
5598,24
5598,26
5599,22
5600,4
5601,8
5602,22
5603,17
5604,22
5605,20
5606,68
5606,20
5606,26
5606,8
5607,1
5608,7
5609,22
5610,18
5611,7
5611,1
5612,24
5613,92
5614,1
5615,11
5616,1
5617,4
5618,4
5619,4
5620,20
5621,20
5622,17
5622,1
5623,1
5624,11
5625,14
5626,7
5627,34
5628,1
5629,14
5630,4
5631,1
5632,1
5633,8
5634,63
5634,10
5635,8
5636,8
5637,14
5638,1
5639,55
5639,61
5640,1
5641,1
5642,7
5642,36
5642,61
5642,91
5643,1
5644,1
5645,17
5646,1
5647,1
5648,4
5649,1
5650,14
5650,21
5651,1
5652,4
5653,11
5654,22
5655,18
5656,1
5657,11
5658,1
5659,1
5660,14
5660,22
5660,18
5661,1
5662,1
5663,7
5664,1
5665,8
5666,22
5667,7
5668,22
5669,22
5670,22
5671,16
5672,22
5673,18
5674,22
5675,7
5676,22
5677,39
5677,8
5677,14
5678,17
5678,18
5678,50
5679,11
5680,1
5681,7
5682,1
5683,1
5683,53
5684,1
5685,40
5686,1
5687,14
5687,8
5688,1
5689,1
5690,1
5691,1
5692,14
5693,17
5694,17
5694,1
5695,1
5696,1
5697,4
5698,1
5699,79
5700,40
5701,40
5702,4
5703,1
5704,40
5705,1
5706,4
5707,11
5708,1
5709,1
5710,1
5711,4
5712,11
5713,1
5714,1
5715,14
5715,61
5716,37
5717,7
5718,8
5719,4
5720,1
5721,14
5722,1
5723,58
5724,7
5725,1
5726,63
5727,7
5728,40
5729,40
5730,40
5731,40
5732,40
5733,40
5734,1
5735,3
5736,20
5737,17
5738,17
5738,1
5739,7
5739,8
5739,17
5740,14
5741,14
5741,21
5742,17
5743,14
5744,20
5745,1
5746,1
5747,14
5748,18
5749,18
5750,18
5751,14
5752,18
5753,7
5753,14
5754,18
5755,1
5756,1
5757,1
5758,1
5759,1
5760,1
5761,31
5761,2
5762,1
5763,40
5764,40
5765,33
5766,34
5767,40
5768,4
5769,40
5770,1
5770,29
5771,68
5771,1
5771,14
5772,40
5773,20
5774,1
5774,17
5775,1
5776,3
5777,50
5778,40
5779,4
5780,1
5781,24
5782,40
5783,48
5783,1
5784,1
5785,1
5786,1
5787,3
5788,3
5789,3
5790,3
5791,3
5792,3
5793,17
5793,1
5794,1
5795,1
5796,7
5797,1
5798,1
5799,7
5800,3
5801,1
5802,7
5803,7
5804,1
5805,7
5806,40
5807,7
5808,18
5809,1
5810,1
5811,1
5812,1
5813,7
5814,1
5815,7
5816,1
5817,1
5818,1
5819,1
5820,1
5821,1
5822,7
5823,7
5824,7
5825,1
5826,37
5827,7
5828,1
5829,1
5830,1
5830,14
5831,1
5832,1
5833,17
5834,4
5834,7
5835,18
5836,1
5837,1
5838,4
5839,3
5840,11
5841,1
5842,16
5842,28
5843,1
5844,18
5845,13
5846,13
5847,1
5848,1
5849,17
5849,7
5849,1
5850,1
5851,1
5852,21
5852,14
5852,50
5853,1
5854,18
5854,1
5855,1
5856,17
5857,18
5858,1
5859,17
5860,7
5861,7
5862,1
5863,1
5864,18
5865,16
5865,1
5866,1
5867,1
5868,1
5869,1
5870,1
5871,3
5872,1
5873,11
5874,28
5874,16
5875,28
5875,16
5876,1
5877,1
5878,14
5879,1
5880,1
5881,17
5882,1
5883,18
5884,1
5885,1
5886,1
5887,1
5888,1
5889,1
5890,1
5891,1
5892,1
5893,1
5894,7
5894,98
5894,1
5895,1
5896,3
5897,1
5898,1
5899,1
5900,1
5901,1
5902,1
5903,8
5903,13
5903,14
5903,16
5904,1
5905,1
5906,1
5907,1
5908,1
5909,7
5910,11
5911,1
5912,1
5913,1
5914,1
5915,14
5916,1
5917,1
5918,1
5919,1
5920,3
5921,1
5922,1
5923,60
5923,1
5924,17
5925,1
5926,7
5926,30
5927,1
5928,1
5929,1
5930,1
5931,1
5931,99
5931,100
5932,1
5933,1
5934,1
5934,53
5934,31
5934,17
5935,1
5936,7
5936,47
5936,1
5937,1
5938,1
5939,1
5940,1
5940,7
5941,1
5942,1
5943,1
5944,1
5945,1
5946,1
5947,1
5948,1
5949,1
5950,1
5951,1
5952,1
5953,1
5954,1
5954,14
5954,7
5955,20
5955,11
5955,14
5956,1
5957,48
5958,1
5959,1
5960,1
5961,1
5962,4
5963,4
5964,19
5965,3
5966,60
5966,58
5966,1
5967,4
5968,7
5969,4
5970,4
5971,4
5972,1
5973,17
5974,17
5975,3
5976,58
5977,12
5978,1
5979,12
5980,1
5981,1
5982,1
5982,2
5983,20
5984,1
5985,7
5986,1
5987,22
5988,1
5989,1
5990,3
5991,28
5991,16
5991,23
5992,1
5993,1
5993,8
5994,1
5995,1
5996,1
5997,1
5998,22
5999,7
6000,1
6001,1
6002,4
6003,1
6004,2
6004,16
6004,1
6005,26
6006,7
6007,1
6008,3
6009,1
6010,46
6011,17
6012,47
6013,1
6014,48
6014,14
6014,43
6015,1
6016,1
6017,3
6018,1
6019,1
6020,1
6021,46
6022,33
6022,7
6023,4
6024,1
6025,4
6026,84
6027,1
6028,1
6028,16
6029,4
6030,1
6031,1
6031,7
6032,7
6032,1
6033,1
6034,50
6034,48
6034,2
6035,17
6035,1
6036,4
6037,1
6038,40
6039,1
6040,1
6041,1
6042,1
6043,1
6044,1
6045,22
6046,3
6047,59
6047,1
6048,1
6049,34
6050,1
6051,50
6052,7
6053,1
6054,1
6055,17
6056,4
6057,91
6057,14
6058,1
6058,7
6058,14
6059,1
6060,39
6060,1
6061,1
6062,1
6063,1
6064,4
6065,1
6066,1
6067,7
6068,1
6069,17
6070,1
6071,12
6072,4
6073,4
6074,4
6075,4
6076,4
6077,4
6078,47
6079,4
6080,22
6081,1
6082,7
6082,1
6082,14
6082,8
6083,26
6084,11
6085,17
6086,1
6086,7
6087,1
6088,12
6088,1
6089,17
6090,1
6091,14
6092,13
6092,14
6093,4
6094,17
6094,1
6095,7
6096,1
6097,1
6098,1
6099,1
6099,68
6100,7
6101,7
6102,3
6103,4
6104,4
6105,1
6106,7
6107,4
6108,4
6109,47
6110,1
6110,41
6111,20
6112,1
6113,1
6114,1
6115,54
6115,1
6116,1
6117,31
6117,7
6117,1
6118,20
6118,24
6119,1
6120,1
6121,1
6122,7
6123,7
6123,14
6123,8
6124,1
6124,8
6124,17
6125,1
6126,1
6126,4
6127,7
6128,1
6129,1
6130,7
6131,4
6132,47
6133,1
6134,1
6135,1
6136,1
6137,1
6138,1
6139,1
6140,1
6141,1
6142,17
6143,17
6143,69
6144,1
6145,7
6145,1
6146,1
6147,1
6148,1
6148,17
6149,1
6150,7
6151,4
6152,1
6153,1
6154,1
6155,1
6156,47
6157,40
6158,1
6159,47
6160,4
6161,20
6162,1
6163,1
6164,1
6165,1
6166,4
6166,8
6167,4
6168,4
6169,4
6170,1
6171,34
6171,50
6171,1
6171,37
6171,63
6171,8
6172,1
6173,47
6174,3
6175,1
6176,1
6177,4
6178,18
6179,1
6180,1
6181,1
6181,17
6182,14
6182,17
6182,21
6183,1
6184,47
6185,46
6186,1
6187,7
6187,1
6188,1
6189,1
6190,1
6191,22
6192,1
6193,17
6194,1
6194,17
6195,17
6195,14
6196,7
6197,68
6198,7
6199,13
6200,41
6200,1
6200,20
6200,17
6201,1
6202,54
6202,50
6203,4
6204,4
6205,12
6206,14
6206,1
6206,11
6207,4
6208,34
6209,17
6210,1
6211,13
6211,7
6211,59
6211,17
6212,1
6213,1
6214,7
6215,23
6215,1
6216,1
6216,17
6217,4
6218,4
6219,1
6220,68
6221,1
6222,1
6223,1
6224,84
6225,12
6226,1
6227,1
6228,45
6229,3
6230,45
6231,45
6232,20
6233,4
6234,13
6234,101
6234,18
6234,36
6234,11
6234,102
6234,33
6234,57
6234,2
6234,54
6234,1
6234,66
6235,1
6236,1
6237,1
6238,1
6239,1
6240,1
6241,1
6241,17
6242,1
6242,17
6243,1
6244,1
6245,1
6246,68
6247,4
6248,1
6249,1
6249,14
6250,24
6251,1
6252,1
6253,1
6254,7
6255,4
6256,4
6257,1
6257,13
6258,1
6259,29
6260,8
6261,7
6261,1
6262,1
6263,17
6264,22
6265,17
6266,3
6267,1
6268,1
6269,46
6270,47
6271,7
6271,31
6272,1
6273,1
6274,18
6274,1
6275,1
6276,3
6277,12
6278,4
6279,7
6280,1
6281,17
6282,1
6283,1
6284,1
6285,1
6286,12
6287,8
6288,3
6289,1
6290,4
6291,47
6292,18
6293,1
6293,4
6294,4
6294,91
6295,4
6296,4
6297,4
6298,3
6299,4
6300,4
6301,4
6302,1
6302,14
6302,18
6303,1
6304,1
6305,7
6306,1
6306,8
6307,1
6308,48
6309,1
6310,7
6311,1
6312,7
6312,14
6313,1
6314,4
6315,4
6316,17
6317,1
6318,52
6319,17
6320,20
6321,4
6322,1
6323,1
6323,7
6324,12
6325,20
6326,1
6327,1
6328,1
6329,26
6329,20
6330,1
6331,1
6332,1
6333,1
6334,13
6334,1
6335,14
6336,45
6337,14
6338,1
6339,14
6339,21
6339,20
6340,1
6341,1
6342,7
6343,1
6343,14
6344,8
6344,1
6345,1
6346,17
6347,1
6348,3
6349,17
6350,48
6350,54
6350,39
6350,1
6351,4
6352,7
6353,31
6353,7
6354,1
6354,58
6355,1
6356,1
6357,50
6358,13
6359,1
6360,4
6361,3
6362,7
6363,1
6364,7
6364,29
6365,7
6366,17
6366,1
6367,34
6368,1
6369,1
6370,1
6371,1
6372,1
6372,39
6372,24
6372,2
6373,1
6374,1
6375,4
6376,13
6377,1
6378,1
6379,3
6380,1
6381,16
6382,1
6383,17
6384,17
6385,17
6386,3
6387,46
6387,23
6388,50
6388,48
6388,14
6388,8
6389,1
6390,3
6391,1
6392,1
6393,22
6393,18
6394,7
6395,1
6396,1
6397,21
6397,14
6398,1
6399,7
6400,46
6401,26
6402,22
6403,7
6403,84
6404,4
6405,3
6406,3
6407,3
6408,24
6409,11
6409,1
6410,1
6411,1
6412,17
6413,1
6414,22
6415,1
6416,1
6416,7
6417,14
6418,14
6418,33
6419,4
6420,31
6421,1
6422,57
6423,7
6423,1
6423,13
6424,1
6425,1
6426,1
6426,11
6427,18
6428,7
6428,10
6428,1
6428,8
6428,103
6429,28
6430,28
6431,3
6432,1
6433,16
6433,8
6433,4
6433,1
6434,1
6434,13
6435,17
6436,60
6437,4
6438,1
6439,4
6440,4
6441,4
6442,84
6443,8
6443,104
6444,1
6445,46
6446,1
6446,54
6447,7
6447,1
6448,1
6449,1
6450,4
6451,1
6452,17
6453,28
6453,16
6454,1
6455,4
6455,14
6456,13
6457,1
6458,22
6459,1
6460,7
6461,7
6462,3
6463,3
6464,3
6465,4
6466,4
6467,1
6468,19
6469,1
6470,3
6471,16
6472,3
6473,1
6473,4
6473,71
6474,7
6474,1
6475,1
6475,17
6475,14
6476,1
6477,1
6478,1
6479,17
6479,1
6480,1
6481,1
6482,1
6483,26
6484,51
6485,84
6486,4
6487,1
6488,7
6489,34
6489,14
6489,8
6490,7
6491,7
6492,1
6493,1
6493,7
6493,13
6494,1
6495,1
6496,4
6497,1
6498,1
6499,7
6500,1
6501,7
6501,1
6502,8
6502,1
6502,28
6502,23
6503,14
6503,8
6503,38
6504,1
6505,3
6506,3
6507,3
6508,3
6509,3
6510,3
6511,1
6511,8
6512,1
6513,4
6514,1
6515,1
6516,4
6517,8
6517,14
6517,69
6517,7
6517,1
6518,4
6519,17
6519,1
6519,7
6520,1
6521,3
6522,1
6523,4
6524,7
6524,17
6524,24
6525,1
6526,10
6526,14
6527,1
6528,52
6529,31
6530,12
6531,4
6532,3
6533,1
6534,1
6535,17
6536,3
6537,1
6538,17
6539,13
6540,1
6541,1
6541,8
6542,4
6543,14
6544,40
6544,28
6544,1
6544,16
6545,1
6546,1
6547,4
6548,12
6549,1
6550,7
6551,1
6552,1
6553,26
6554,4
6555,1
6555,4
6556,1
6557,13
6558,8
6558,13
6559,8
6560,11
6561,7
6562,1
6563,1
6564,31
6565,4
6566,7
6566,43
6566,1
6567,1
6567,7
6567,14
6568,4
6569,4
6570,4
6571,7
6571,1
6572,16
6573,40
6574,1
6575,50
6576,1
6577,7
6578,4
6579,1
6580,1
6581,4
6582,1
6583,17
6584,1
6585,1
6586,7
6587,1
6588,13
6589,4
6590,1
6591,1
6592,48
6592,82
6593,1
6594,1
6595,3
6596,1
6597,47
6598,7
6598,2
6599,1
6600,15
6600,54
6600,60
6600,105
6600,8
6601,17
6602,4
6603,4
6604,1
6605,4
6606,16
6606,28
6607,7
6608,7
6609,14
6609,21
6610,7
6610,1
6611,4
6612,1
6613,1
6614,17
6615,28
6616,1
6617,1
6618,2
6618,1
6618,33
6618,17
6619,3
6620,1
6620,24
6620,7
6620,106
6621,1
6622,1
6623,1
6624,48
6624,14
6624,21
6624,24
6624,50
6624,1
6624,7
6625,1
6626,1
6627,1
6627,13
6627,11
6628,14
6629,14
6630,14
6631,7
6632,7
6633,1
6634,1
6635,7
6635,10
6635,8
6635,1
6636,1
6637,28
6638,1
6639,1
6640,1
6641,14
6641,16
6641,18
6641,1
6642,1
6643,1
6644,1
6645,1
6646,3
6647,1
6647,22
6647,16
6648,1
6649,8
6650,8
6650,21
6651,1
6652,1
6653,1
6653,68
6654,84
6654,60
6654,1
6655,4
6656,1
6657,7
6658,1
6659,34
6660,7
6661,3
6662,1
6663,1
6664,40
6665,1
6666,1
6667,4
6668,4
6669,4
6670,4
6671,1
6671,17
6671,21
6671,7
6672,20
6673,37
6674,37
6675,11
6676,27
6677,1
6678,20
6679,1
6680,3
6681,50
6682,7
6683,1
6684,14
6685,3
6686,3
6687,7
6688,1
6689,46
6690,13
6691,1
6692,17
6692,14
6692,24
6692,96
6692,1
6693,1
6694,3
6695,4
6696,7
6697,1
6698,3
6699,17
6699,20
6699,14
6700,1
6701,17
6702,28
6702,1
6703,1
6703,46
6704,1
6705,43
6706,26
6707,11
6708,4
6709,24
6710,3
6711,1
6712,7
6712,1
6713,1
6714,20
6714,14
6714,24
6715,7
6716,1
6717,7
6718,16
6719,3
6720,1
6721,60
6722,1
6723,1
6724,1
6725,7
6725,1
6726,12
6727,12
6728,12
6729,12
6730,1
6731,1
6732,18
6733,7
6734,4
6735,1
6736,1
6737,8
6738,4
6739,1
6740,4
6741,47
6742,3
6743,7
6744,1
6745,4
6746,1
6747,1
6748,19
6749,7
6750,1
6751,12
6752,1
6753,46
6754,1
6755,1
6755,17
6756,1
6756,8
6757,24
6757,14
6758,4
6759,1
6760,7
6760,17
6760,1
6761,7
6762,3
6763,1
6764,3
6765,59
6766,28
6767,1
6768,17
6768,1
6769,47
6770,1
6771,22
6772,28
6773,59
6773,1
6773,7
6774,3
6775,1
6776,20
6777,1
6778,1
6779,11
6780,7
6781,1
6782,1
6783,1
6784,7
6785,1
6786,7
6787,34
6788,7
6788,39
6788,29
6789,7
6790,1
6791,8
6791,1
6792,20
6792,107
6793,7
6794,1
6794,8
6795,1
6795,34
6796,1
6797,1
6798,1
6799,1
6799,14
6799,11
6800,1
6800,108
6801,47
6802,1
6803,1
6804,1
6805,1
6806,8
6807,1
6808,47
6809,14
6809,7
6809,1
6810,1
6811,7
6811,1
6811,20
6811,8
6811,35
6811,17
6812,7
6812,1
6812,20
6812,8
6812,35
6812,17
6813,7
6813,1
6813,20
6813,8
6813,35
6813,17
6814,1
6815,17
6815,1
6816,1
6817,52
6818,1
6818,7
6819,1
6820,34
6820,14
6821,4
6822,29
6823,1
6824,46
6825,40
6826,4
6827,1
6827,24
6828,18
6829,46
6830,46
6831,18
6831,1
6832,4
6833,4
6834,1
6835,7
6836,7
6837,54
6838,1
6838,13
6839,24
6839,17
6839,14
6840,1
6841,7
6841,1
6842,1
6843,1
6844,1
6845,4
6846,45
6846,1
6847,18
6848,1
6848,13
6849,18
6850,1
6851,18
6852,4
6853,46
6854,1
6855,7
6855,48
6855,17
6855,90
6856,57
6857,1
6858,3
6859,1
6860,1
6861,16
6861,28
6862,1
6863,1
6864,7
6865,4
6866,18
6867,7
6867,1
6868,1
6869,1
6870,13
6871,4
6872,24
6872,8
6873,1
6874,12
6875,1
6876,1
6877,1
6878,47
6879,1
6879,14
6879,7
6879,18
6880,1
6880,7
6880,48
6880,54
6881,1
6882,1
6883,1
6883,17
6884,1
6884,7
6885,1
6885,7
6885,24
6886,1
6887,1
6887,14
6887,17
6887,20
6888,4
6889,8
6889,1
6890,7
6891,20
6892,4
6893,1
6894,1
6895,7
6896,7
6897,1
6898,19
6899,1
6900,1
6901,17
6902,18
6903,7
6904,68
6905,12
6906,12
6907,3
6908,4
6909,12
6910,1
6910,7
6910,17
6911,1
6911,18
6912,1
6913,4
6914,1
6915,47
6916,1
6917,1
6918,1
6919,7
6920,40
6921,1
6922,11
6923,7
6924,1
6925,7
6926,29
6926,1
6926,16
6927,3
6928,1
6929,1
6929,17
6929,8
6930,1
6931,7
6932,1
6932,17
6933,51
6934,1
6935,1
6936,1
6937,4
6938,46
6939,1
6940,1
6941,13
6942,17
6942,1
6943,1
6944,31
6944,1
6945,1
6945,59
6946,1
6947,1
6948,13
6949,1
6950,1
6951,1
6952,17
6953,1
6953,16
6954,1
6954,17
6955,1
6956,17
6956,7
6957,1
6958,1
6959,1
6960,1
6961,4
6962,1
6963,28
6963,16
6964,48
6965,1
6966,22
6967,4
6968,16
6969,13
6970,17
6971,1
6972,7
6973,7
6974,4
6974,1
6975,26
6976,4
6977,13
6978,1
6979,7
6980,14
6981,84
6982,1
6983,12
6984,13
6985,1
6985,31
6986,1
6987,45
6988,45
6989,4
6990,3
6991,1
6992,1
6993,1
6994,4
6995,1
6996,1
6996,2
6997,45
6998,1
6998,17
6999,7
7000,4
7001,31
7001,7
7001,24
7001,1
7002,3
7003,1
7004,1
7005,7
7006,1
7007,21
7008,43
7008,30
7009,1
7010,1
7010,17
7011,1
7011,17
7012,109
7012,90
7012,8
7012,10
7012,61
7013,1
7013,7
7014,1
7015,11
7015,1
7016,1
7017,17
7017,7
7017,50
7018,3
7019,1
7020,1
7021,4
7022,1
7023,4
7024,4
7025,84
7026,7
7027,17
7028,1
7028,20
7028,8
7029,7
7030,1
7030,24
7031,1
7032,1
7033,1
7034,3
7035,26
7036,4
7036,18
7037,7
7038,1
7039,1
7040,11
7041,16
7042,16
7042,22
7042,1
7043,7
7044,1
7045,1
7046,3
7047,45
7048,7
7048,14
7048,21
7049,1
7050,1
7051,1
7052,17
7052,31
7052,1
7053,16
7053,28
7054,4
7055,1
7056,1
7056,14
7057,1
7058,1
7058,8
7059,14
7060,40
7061,1
7062,7
7062,1
7062,110
7063,12
7064,75
7064,1
7065,4
7066,7
7066,1
7067,1
7067,74
7068,1
7069,4
7070,7
7071,1
7072,1
7073,1
7074,1
7075,1
7076,1
7077,7
7078,8
7078,1
7079,8
7079,7
7079,1
7080,4
7081,7
7082,1
7083,39
7084,7
7085,11
7086,17
7087,1
7088,17
7089,18
7090,18
7091,18
7092,1
7093,17
7094,2
7094,8
7094,50
7094,14
7095,4
7096,4
7097,1
7098,1
7099,17
7099,1
7099,7
7099,14
7099,69
7100,4
7101,7
7102,22
7103,4
7104,1
7105,3
7106,20
7107,47
7108,1
7109,3
7110,4
7111,14
7111,21
7112,17
7113,1
7113,31
7114,1
7115,52
7116,4
7117,3
7118,4
7119,4
7120,84
7121,18
7122,1
7123,43
7124,1
7125,1
7126,1
7127,1
7128,31
7128,1
7128,14
7129,1
7130,4
7131,1
7132,29
7133,1
7134,3
7135,7
7136,4
7137,1
7138,4
7139,3
7140,1
7141,7
7142,4
7143,68
7144,11
7145,4
7146,1
7147,3
7148,1
7149,1
7150,1
7151,1
7152,1
7152,13
7153,8
7153,1
7153,17
7154,28
7155,1
7156,18
7157,7
7157,8
7157,17
7157,1
7158,12
7159,4
7160,4
7161,4
7162,4
7163,4
7164,4
7165,1
7165,14
7165,17
7165,55
7165,61
7166,4
7167,7
7168,4
7169,4
7170,4
7171,1
7172,4
7173,1
7174,4
7175,4
7176,1
7177,1
7178,1
7179,1
7180,1
7181,1
7182,1
7183,84
7184,4
7185,4
7186,4
7187,4
7188,4
7189,4
7190,4
7191,4
7192,1
7193,1
7194,1
7195,57
7196,50
7196,21
7196,7
7196,1
7197,3
7198,1
7198,18
7199,1
7200,7
7201,14
7202,1
7203,1
7204,1
7205,1
7206,53
7207,7
7208,1
7209,1
7209,17
7210,3
7211,1
7212,14
7212,21
7212,16
7212,1
7213,4
7214,1
7215,3
7216,7
7217,51
7218,18
7219,1
7219,68
7219,39
7220,1
7221,1
7221,7
7221,13
7222,7
7223,3
7224,7
7224,60
7224,48
7224,8
7224,54
7225,4
7226,60
7226,48
7226,54
7227,3
7228,3
7229,3
7230,3
7231,4
7232,3
7233,3
7234,3
7235,1
7236,3
7237,1
7238,1
7239,4
7240,28
7240,16
7240,1
7241,11
7241,1
7242,1
7243,16
7243,4
7243,32
7244,3
7245,7
7246,12
7247,12
7248,4
7249,1
7250,4
7251,26
7252,1
7253,1
7254,24
7255,1
7256,3
7257,11
7258,11
7259,37
7259,11
7259,1
7260,4
7261,45
7262,28
7263,1
7264,1
7265,37
7266,4
7267,7
7268,1
7268,11
7269,22
7270,1
7271,7
7271,22
7272,1
7272,14
7273,14
7274,14
7275,1
7275,31
7276,1
7277,1
7278,1
7279,3
7280,7
7281,4
7282,1
7282,17
7283,1
7283,13
7284,16
7285,28
7286,1
7287,1
7288,3
7289,48
7290,3
7291,48
7291,16
7292,3
7293,1
7293,24
7294,14
7295,1
7296,12
7297,1
7298,17
7299,1
7300,1
7301,1
7302,7
7303,17
7304,28
7305,1
7306,11
7307,1
7308,7
7309,1
7309,4
7310,47
7311,3
7312,28
7313,13
7314,13
7315,13
7316,1
7316,35
7316,34
7317,1
7318,3
7319,3
7320,3
7321,1
7322,1
7323,1
7324,1
7325,20
7326,11
7327,7
7328,7
7328,1
7329,14
7329,1
7330,11
7331,1
7332,22
7332,14
7333,7
7333,1
7334,7
7335,17
7336,28
7337,8
7338,4
7339,3
7340,3
7341,37
7342,1
7342,13
7342,111
7342,7
7343,17
7344,40
7345,1
7346,28
7347,4
7348,28
7349,22
7350,3
7351,1
7352,47
7353,46
7354,7
7355,8
7355,7
7356,1
7357,1
7358,28
7359,26
7360,16
7361,4
7362,4
7363,26
7363,68
7363,79
7364,4
7365,4
7365,14
7366,1
7367,4
7368,13
7368,1
7369,1
7370,1
7371,1
7372,28
7373,4
7374,1
7375,68
7376,24
7377,18
7378,14
7378,21
7379,14
7380,60
7381,4
7382,4
7383,4
7384,4
7385,28
7386,12
7386,112
7387,4
7388,4
7389,4
7390,1
7391,1
7391,16
7391,28
7392,7
7392,14
7393,3
7394,4
7395,4
7396,1
7397,1
7398,1
7399,7
7400,7
7401,4
7402,4
7403,7
7404,17
7404,1
7405,1
7406,3
7407,1
7408,4
7409,1
7410,1
7411,28
7411,16
7412,1
7413,1
7414,4
7415,3
7416,1
7417,18
7418,1
7418,7
7419,7
7420,4
7421,22
7422,26
7423,4
7424,1
7425,28
7426,47
7427,1
7428,1
7429,4
7430,11
7431,17
7432,1
7433,17
7434,43
7434,92
7435,7
7436,7
7437,13
7438,4
7439,3
7440,1
7441,22
7442,8
7442,1
7442,54
7443,1
7444,1
7445,17
7445,20
7446,46
7447,3
7448,20
7449,19
7450,1
7451,4
7452,7
7453,1
7453,70
7454,4
7455,1
7455,35
7456,3
7457,1
7458,14
7459,4
7460,1
7461,17
7461,1
7462,1
7462,17
7463,4
7464,11
7465,18
7466,60
7466,7
7466,14
7466,31
7467,1
7468,1
7469,40
7470,1
7471,1
7472,1
7472,7
7473,7
7473,43
7474,51
7475,1
7476,4
7477,1
7478,1
7479,19
7480,16
7480,17
7480,1
7481,22
7482,1
7483,1
7483,20
7484,3
7485,1
7486,7
7487,17
7488,47
7489,8
7489,7
7490,1
7491,1
7492,1
7493,1
7494,1
7495,1
7496,1
7497,1
7498,1
7499,1
7500,1
7501,1
7502,1
7503,17
7504,1
7504,8
7505,7
7506,7
7507,7
7507,1
7508,1
7509,14
7509,21
7510,84
7510,1
7511,8
7511,1
7512,1
7513,4
7514,4
7515,13
7516,1
7517,1
7518,1
7519,39
7519,54
7519,8
7519,50
7520,28
7521,1
7522,17
7523,47
7524,1
7525,4
7526,14
7527,1
7528,1
7529,1
7530,20
7531,1
7532,17
7533,4
7534,1
7535,47
7536,1
7537,17
7538,24
7539,7
7540,38
7540,14
7541,3
7542,1
7542,17
7543,1
7543,17
7544,3
7545,28
7546,7
7547,1
7548,7
7549,45
7550,7
7550,1
7551,3
7552,1
7553,4
7554,1
7554,11
7555,24
7555,4
7556,31
7557,1
7557,113
7558,4
7559,1
7560,18
7561,1
7562,1
7563,3
7564,1
7565,1
7566,4
7567,1
7568,1
7569,7
7569,1
7570,1
7571,1
7572,1
7572,7
7573,1
7573,7
7574,7
7575,7
7576,1
7577,1
7578,68
7578,26
7578,14
7578,20
7578,1
7579,1
7580,1
7581,1
7582,1
7583,4
7584,1
7585,1
7586,1
7587,3
7588,1
7588,13
7589,18
7590,17
7590,1
7591,4
7592,68
7593,1
7594,60
7595,1
7596,4
7596,1
7597,1
7597,4
7597,22
7597,16
7598,7
7599,1
7600,1
7601,1
7602,1
7603,1
7604,1
7605,1
7606,1
7607,1
7608,1
7609,1
7610,1
7611,1
7612,1
7613,1
7614,1
7615,1
7616,1
7617,1
7618,1
7619,1
7620,1
7621,1
7622,1
7623,7
7623,17
7624,8
7625,3
7626,39
7627,24
7628,18
7629,1
7630,7
7631,48
7631,8
7631,21
7631,7
7631,14
7632,48
7632,8
7632,21
7632,7
7632,14
7632,54
7633,3
7634,7
7635,1
7636,14
7636,38
7636,20
7636,1
7636,59
7637,13
7638,1
7639,1
7640,1
7641,28
7642,20
7643,1
7644,45
7645,45
7646,3
7647,17
7648,1
7649,1
7650,14
7651,47
7652,28
7653,34
7653,4
7653,16
7653,1
7654,4
7655,1
7656,1
7657,1
7658,1
7659,7
7660,24
7660,1
7661,45
7662,1
7663,4
7664,1
7665,1
7666,4
7667,1
7668,48
7668,14
7668,1
7668,54
7669,13
7669,87
7670,1
7671,22
7672,7
7673,16
7673,28
7674,3
7675,7
7676,22
7677,16
7677,96
7677,28
7678,1
7679,28
7680,1
7681,4
7682,13
7682,59
7683,4
7684,7
7685,17
7685,1
7685,8
7686,16
7687,7
7688,7
7688,45
7689,4
7690,1
7691,1
7692,4
7693,27
7693,37
7694,13
7695,45
7696,1
7697,1
7698,28
7699,1
7700,7
7701,20
7702,1
7703,4
7704,17
7705,1
7706,17
7707,4
7708,4
7709,1
7710,1
7711,37
7711,1
7712,1
7713,4
7714,1
7715,1
7716,12
7717,1
7718,4
7719,1
7720,4
7721,45
7722,1
7723,1
7724,51
7725,7
7725,1
7726,31
7726,7
7726,1
7727,1
7727,20
7728,17
7729,1
7730,1
7731,14
7731,8
7731,10
7731,21
7732,1
7733,1
7733,13
7734,3
7735,14
7735,21
7736,1
7737,4
7738,45
7739,19
7740,4
7741,1
7742,1
7743,4
7744,1
7745,4
7746,26
7747,14
7748,7
7749,7
7750,1
7751,14
7751,21
7752,1
7752,7
7753,1
7754,17
7754,1
7755,38
7755,114
7755,24
7755,8
7755,14
7756,1
7757,1
7758,72
7758,14
7758,43
7758,1
7759,7
7760,4
7761,3
7762,1
7763,3
7764,1
7765,1
7765,14
7765,18
7766,1
7767,14
7767,18
7767,1
7768,1
7768,14
7768,18
7769,1
7770,1
7770,33
7771,1
7771,33
7771,18
7772,1
7773,1
7773,33
7774,1
7775,1
7776,1
7777,1
7778,3
7779,1
7780,3
7781,1
7782,1
7783,1
7784,1
7784,14
7784,18
7785,1
7785,50
7785,18
7785,14
7786,1
7786,14
7786,18
7787,1
7788,1
7789,1
7790,4
7790,38
7791,1
7792,4
7793,1
7794,1
7795,28
7796,3
7797,1
7798,1
7799,1
7800,17
7801,26
7802,4
7803,1
7804,17
7804,4
7805,7
7806,4
7807,4
7808,1
7809,1
7810,7
7810,1
7811,40
7812,1
7812,96
7813,3
7814,3
7815,1
7816,3
7817,1
7818,1
7819,34
7820,4
7821,1
7822,4
7823,1
7824,16
7825,4
7826,4
7827,1
7828,4
7829,4
7830,23
7830,18
7830,14
7831,4
7832,22
7833,4
7834,84
7835,1
7836,4
7837,47
7838,4
7839,3
7840,1
7841,11
7842,17
7843,1
7844,13
7845,1
7846,4
7847,7
7848,1
7849,3
7850,47
7851,7
7852,1
7853,51
7854,17
7854,11
7854,8
7854,2
7855,1
7856,7
7856,1
7856,17
7857,17
7858,8
7858,14
7858,1
7858,17
7858,7
7859,1
7860,1
7861,28
7862,4
7863,3
7864,28
7864,1
7865,7
7866,1
7866,7
7867,11
7868,1
7869,1
7870,4
7871,7
7871,31
7872,4
7873,4
7874,4
7875,4
7876,19
7877,24
7878,7
7879,1
7879,18
7880,1
7881,1
7882,1
7883,1
7884,1
7885,1
7886,47
7887,1
7888,1
7888,66
7889,4
7889,17
7890,31
7890,17
7890,7
7890,1
7891,17
7892,7
7892,8
7893,45
7894,3
7895,1
7896,1
7897,1
7898,11
7899,4
7900,11
7901,28
7902,1
7902,8
7902,13
7903,4
7904,1
7905,1
7906,1
7907,18
7908,1
7909,1
7910,1
7911,4
7912,24
7913,1
7914,4
7915,24
7915,14
7916,12
7917,17
7918,4
7919,84
7920,4
7921,1
7922,4
7923,4
7924,4
7925,47
7926,4
7927,4
7928,47
7929,2
7929,1
7930,3
7931,1
7932,4
7933,4
7934,1
7935,13
7935,14
7935,31
7936,14
7937,17
7938,13
7938,4
7939,4
7940,4
7941,4
7942,1
7943,3
7944,4
7945,4
7946,1
7947,1
7948,47
7949,1
7950,1
7950,7
7950,13
7951,1
7952,1
7953,1
7954,1
7955,24
7955,14
7956,1
7957,1
7958,1
7959,1
7960,1
7961,1
7961,7
7961,17
7961,18
7962,1
7963,1
7964,1
7965,1
7966,54
7966,7
7966,15
7967,1
7968,28
7968,40
7969,22
7970,1
7970,7
7970,20
7970,22
7971,1
7972,1
7973,1
7974,7
7975,1
7976,7
7977,1
7978,7
7979,7
7980,1
7980,7
7981,12
7982,7
7982,14
7982,1
7983,17
7984,86
7985,98
7986,1
7987,1
7988,1
7989,7
7989,14
7990,11
7991,1
7992,39
7993,4
7994,24
7994,2
7994,92
7994,13
7994,1
7995,4
7996,4
7997,4
7998,28
7999,1
8000,4
8001,1
8002,1
8003,7
8003,1
8004,1
8004,8
8004,7
8004,13
8005,4
8006,1
8007,13
8008,13
8009,4
8010,1
8011,1
8011,59
8012,7
8012,1
8013,4
8013,1
8014,45
8015,24
8015,14
8015,38
8016,1
8017,4
8018,1
8019,17
8019,14
8019,1
8020,1
8021,29
8022,37
8022,11
8022,1
8023,1
8023,37
8024,4
8025,46
8026,38
8026,1
8027,79
8028,1
8029,1
8030,45
8030,17
8030,1
8031,1
8032,1
8033,16
8033,28
8033,1
8034,16
8034,28
8035,1
8035,14
8036,1
8037,1
8038,1
8039,1
8040,1
8041,1
8042,7
8042,33
8043,1
8044,1
8045,1
8046,1
8047,1
8048,4
8049,1
8050,46
8051,11
8052,1
8053,1
8054,10
8054,7
8054,14
8055,1
8056,1
8057,13
8057,7
8057,17
8058,1
8059,45
8060,1
8061,1
8062,7
8063,1
8064,1
8065,1
8066,1
8067,7
8068,1
8069,1
8070,7
8071,1
8072,1
8073,1
8073,14
8074,115
8074,1
8075,1
8076,1
8077,1
8078,20
8079,1
8080,1
8081,17
8082,17
8082,1
8082,7
8083,1
8084,1
8085,7
8086,38
8087,1
8088,1
8089,47
8090,1
8091,4
8092,45
8093,1
8094,1
8094,17
8095,22
8096,1
8097,13
8097,7
8097,1
8097,33
8097,24
8097,14
8098,1
8099,4
8100,1
8101,17
8102,1
8102,7
8103,14
8103,1
8103,17
8104,13
8104,7
8105,50
8105,21
8106,1
8107,1
8108,22
8109,34
8110,3
8111,1
8112,1
8113,24
8113,14
8114,45
8115,4
8116,39
8117,7
8117,14
8117,17
8117,21
8117,1
8118,22
8119,1
8120,48
8120,7
8120,54
8121,4
8121,14
8122,4
8123,4
8124,1
8125,4
8126,1
8126,22
8126,16
8127,1
8128,1
8129,1
8130,7
8131,1
8132,46
8133,1
8134,1
8135,1
8136,1
8137,4
8138,3
8139,1
8139,7
8140,1
8140,17
8141,1
8141,54
8142,16
8142,28
8143,28
8144,1
8145,4
8146,4
8147,1
8147,8
8148,14
8148,1
8149,7
8149,1
8150,4
8151,14
8152,1
8153,1
8154,47
8155,1
8156,1
8157,4
8158,1
8159,28
8159,1
8160,1
8160,28
8161,3
8162,4
8163,1
8163,116
8164,26
8164,14
8164,1
8164,8
8164,61
8165,28
8166,11
8167,1
8167,8
8167,7
8168,1
8168,8
8168,7
8168,24
8169,14
8170,1
8171,4
8172,7
8172,4
8173,4
8174,4
8175,1
8176,1
8177,1
8178,11
8178,20
8179,17
8180,1
8181,3
8182,17
8183,13
8184,1
8185,1
8185,33
8185,7
8186,26
8187,22
8188,1
8189,1
8190,1
8191,15
8191,1
8192,1
8193,47
8194,23
8195,20
8195,14
8195,66
8196,17
8196,1
8197,1
8197,17
8198,14
8198,17
8198,1
8199,7
8199,1
8200,3
8201,1
8202,7
8203,1
8204,28
8205,1
8206,1
8207,3
8208,34
8209,7
8210,7
8211,1
8212,1
8213,17
8213,1
8214,1
8215,7
8216,1
8217,7
8218,1
8219,14
8220,1
8221,1
8222,1
8222,17
8222,16
8223,7
8223,1
8224,1
8225,1
8226,31
8226,17
8226,69
8226,1
8226,7
8226,57
8226,4
8227,1
8228,19
8229,1
8229,10
8229,7
8230,1
8231,3
8232,28
8233,1
8233,16
8234,1
8235,39
8235,8
8236,4
8237,17
8238,1
8239,1
8240,1
8241,47
8242,19
8243,1
8244,13
8245,47
8246,20
8246,11
8247,11
8247,14
8248,7
8248,1
8249,1
8250,1
8251,7
8252,1
8253,1
8254,17
8255,39
8255,8
8255,43
8255,69
8255,21
8255,14
8255,1
8256,47
8257,1
8258,22
8259,1
8260,1
8261,43
8262,7
8262,18
8262,1
8263,1
8264,7
8264,1
8265,4
8266,46
8267,1
8267,7
8268,4
8269,7
8270,13
8271,63
8271,1
8272,17
8272,13
8273,1
8273,28
8274,26
8274,68
8275,1
8276,24
8276,1
8277,1
8278,18
8279,1
8280,1
8281,46
8282,1
8282,28
8283,17
8284,1
8285,1
8286,1
8287,7
8287,117
8288,1
8289,1
8290,1
8291,1
8292,7
8292,1
8293,1
8294,7
8295,7
8296,1
8297,1
8298,19
8299,1
8300,1
8300,35
8300,7
8301,34
8302,1
8303,7
8304,28
8305,1
8306,1
8307,28
8308,1
8308,16
8309,1
8310,7
8310,16
8310,1
8310,4
8311,7
8312,1
8313,1
8313,35
8314,33
8315,1
8316,7
8316,1
8317,60
8318,46
8319,1
8320,1
8321,1
8321,54
8321,60
8322,4
8323,39
8324,1
8325,1
8326,1
8327,7
8327,1
8327,96
8328,1
8328,7
8328,96
8329,3
8330,3
8331,22
8332,7
8333,4
8334,1
8334,13
8335,7
8336,1
8337,1
8338,1
8339,1
8340,20
8340,17
8340,1
8341,17
8342,1
8343,17
8344,20
8345,1
8346,1
8347,45
8348,3
8349,1
8350,4
8351,4
8352,17
8353,1
8353,4
8353,59
8354,7
8355,7
8355,1
8356,1
8357,7
8357,17
8357,14
8357,1
8358,7
8359,11
8360,48
8361,1
8362,1
8363,1
8364,7
8365,7
8366,1
8367,7
8368,1
8369,3
8370,7
8370,14
8371,14
8372,1
8373,1
8374,4
8374,8
8374,14
8375,46
8376,1
8377,3
8378,7
8378,1
8378,13
8379,17
8379,1
8380,22
8381,1
8382,1
8383,21
8383,31
8383,50
8383,8
8383,118
8384,13
8385,14
8385,1
8386,1
8387,34
8388,7
8389,1
8390,1
8391,1
8392,4
8393,3
8394,17
8394,1
8395,1
8396,14
8396,17
8396,24
8396,1
8396,16
8397,8
8398,1
8399,31
8399,7
8399,35
8399,14
8399,50
8400,31
8401,1
8402,1
8403,1
8404,48
8404,46
8404,15
8404,60
8404,7
8404,39
8404,14
8404,1
8404,8
8404,50
8405,33
8405,1
8406,33
8406,1
8407,7
8407,8
8407,1
8408,7
8409,43
8410,28
8411,1
8411,13
8411,2
8411,7
8412,7
8412,1
8412,20
8412,8
8412,35
8412,17
8413,1
8414,1
8414,8
8414,11
8415,1
8416,1
8417,1
8418,1
8419,22
8420,1
8421,1
8421,7
8422,1
8423,1
8424,14
8425,20
8426,48
8427,1
8427,17
8428,33
8429,1
8430,54
8431,1
8432,7
8433,24
8434,3
8435,1
8436,1
8437,1
8438,1
8439,17
8440,1
8441,8
8442,1
8443,1
8444,1
8445,57
8446,1
8447,7
8448,7
8449,1
8450,1
8451,3
8452,1
8453,7
8453,1
8454,8
8455,1
8455,10
8456,1
8457,119
8457,67
8457,120
8457,2
8457,1
8458,7
8458,1
8459,1
8460,4
8461,47
8462,1
8463,17
8463,1
8464,22
8465,1
8465,7
8466,1
8466,10
8467,1
8468,22
8469,1
8470,1
8471,1
8472,17
8473,46
8474,1
8474,8
8475,1
8476,4
8477,7
8478,1
8478,17
8478,18
8478,121
8479,1
8480,1
8481,33
8482,3
8483,14
8484,7
8484,20
8484,21
8485,75
8485,22
8485,109
8486,47
8487,1
8488,7
8489,1
8490,1
8491,29
8492,7
8493,1
8494,13
8494,1
8495,1
8495,7
8496,1
8497,48
8497,7
8497,2
8497,54
8497,21
8498,13
8499,8
8499,17
8499,1
8500,1
8501,1
8502,1
8502,14
8502,18
8503,1
8504,1
8505,4
8506,1
8507,24
8508,1
8509,11
8510,46
8511,98
8512,1
8513,1
8514,1
8515,43
8516,1
8517,7
8518,1
8519,1
8520,1
8521,1
8522,7
8523,1
8524,1
8524,17
8525,1
8526,1
8526,7
8527,1
8528,1
8529,47
8530,1
8531,7
8532,1
8532,59
8533,1
8534,1
8535,1
8536,1
8537,7
8538,1
8539,7
8540,31
8540,17
8540,1
8540,7
8541,1
8542,1
8543,1
8544,45
8545,3
8546,1
8547,21
8547,14
8548,1
8549,1
8550,1
8551,47
8552,1
8553,13
8553,1
8554,33
8554,7
8554,13
8555,1
8556,57
8557,19
8558,1
8559,7
8559,17
8559,1
8560,1
8561,16
8562,7
8563,39
8564,14
8565,7
8565,1
8566,7
8567,17
8568,40
8569,31
8570,28
8571,17
8572,4
8573,1
8574,1
8575,45
8576,22
8577,16
8578,21
8579,4
8579,1
8580,45
8581,1
8582,1
8582,17
8583,7
8584,7
8584,13
8584,17
8584,1
8585,28
8585,16
8586,3
8587,1
8588,1
8589,16
8590,16
8591,4
8592,4
8593,3
8594,3
8595,1
8596,1
8597,8
8597,1
8597,24
8598,1
8598,27
8599,1
8600,7
8601,17
8602,7
8602,17
8602,18
8603,3
8604,7
8604,1
8605,7
8605,1
8605,10
8606,1
8607,4
8608,1
8609,1
8610,3
8611,1
8612,4
8613,45
8614,22
8615,7
8616,1
8617,7
8617,16
8617,1
8618,7
8618,34
8618,8
8619,1
8620,7
8621,17
8622,1
8623,3
8624,1
8625,1
8626,2
8626,1
8627,1
8627,2
8628,7
8629,4
8630,4
8631,4
8632,1
8633,7
8633,77
8633,2
8633,82
8633,1
8634,29
8635,1
8636,1
8637,1
8638,1
8639,17
8639,1
8639,4
8639,7
8640,4
8641,1
8641,7
8642,1
8643,1
8644,18
8644,1
8645,1
8646,1
8647,7
8648,4
8649,7
8650,17
8651,13
8652,1
8652,14
8653,4
8654,45
8655,7
8655,17
8655,1
8656,1
8657,1
8658,1
8659,38
8659,7
8659,1
8660,17
8661,1
8662,7
8662,8
8663,17
8663,4
8664,47
8665,1
8666,4
8667,47
8668,1
8669,1
8669,7
8669,8
8670,1
8671,1
8672,4
8673,4
8674,1
8675,7
8675,4
8675,54
8676,1
8677,7
8677,21
8678,1
8679,1
8680,3
8681,4
8682,4
8683,12
8684,4
8685,22
8686,7
8687,84
8688,4
8689,4
8690,1
8691,3
8692,1
8693,7
8694,1
8695,1
8695,17
8696,4
8697,1
8697,4
8698,7
8699,47
8700,11
8701,43
8702,1
8703,1
8703,34
8703,4
8703,122
8703,16
8704,7
8704,14
8704,1
8705,1
8706,20
8707,1
8708,1
8709,1
8709,26
8710,43
8711,1
8712,28
8713,7
8714,4
8715,1
8716,1
8716,14
8717,1
8718,43
8719,3
8720,16
8721,12
8722,40
8723,1
8724,7
8725,1
8726,46
8727,1
8728,7
8728,4
8728,1
8729,79
8729,1
8729,7
8730,8
8730,1
8730,7
8730,17
8731,1
8732,1
8733,7
8734,7
8735,1
8736,1
8737,40
8738,7
8739,17
8739,4
8739,45
8739,1
8739,59
8740,1
8741,7
8742,7
8743,1
8744,1
8745,7
8746,1
8746,123
8746,92
8747,14
8747,50
8747,2
8747,15
8748,1
8749,13
8750,12
8751,1
8752,1
8753,1
8754,17
8755,1
8756,1
8757,1
8758,1
8759,7
8760,3
8761,1
8762,84
8763,4
8764,1
8765,1
8766,17
8766,1
8767,1
8768,1
8769,11
8770,4
8771,4
8772,4
8773,4
8774,4
8775,47
8775,63
8775,1
8776,4
8777,14
8777,21
8778,45
8779,45
8780,45
8781,1
8782,18
8782,1
8783,1
8784,3
8785,29
8785,20
8786,3
8787,7
8788,1
8789,90
8789,109
8789,75
8789,124
8790,57
8791,1
8792,1
8793,28
8794,1
8795,47
8795,14
8796,18
8796,17
8797,12
8798,1
8798,14
8798,22
8798,46
8799,4
8800,4
8801,84
8802,59
8802,36
8803,1
8804,3
8805,1
8806,1
8807,4
